clouds,datetime,dewpt,dhi,dni,ghi,pres,rh,slp,temp,wind_gust_spd,wind_spd,precip
18,01/01/2021,4.1,40,331,210,1025,56,1025,13.2,8,1.9,0
17,02/01/2021,7,40,331,211,1022,66,1022,14,6.4,1.4,0
90,03/01/2021,9.7,40,332,211,1021,74,1021,14.6,7.2,1.6,0
98,04/01/2021,9.4,41,332,212,1020,59,1021,17.7,6,1,0
100,05/01/2021,13.6,41,332,212,1020,76,1020,18.1,5.6,1,0
94,06/01/2021,12.5,41,333,213,1018,73,1019,17.5,5.6,1,0
100,07/01/2021,11.2,41,333,213,1019,84,1019,14,8.8,1.4,0
97,08/01/2021,4.2,41,334,214,1025,65,1025,10.7,10.8,2.6,0
94,09/01/2021,1.3,41,334,215,1024,53,1025,10.5,8,1.9,0
95,10/01/2021,0.7,41,335,216,1024,49,1024,11,7.6,2.1,0
98,11/01/2021,-0.8,41,335,216,1028,42,1028,12,13.2,2.5,0
75,12/01/2021,0.8,41,336,217,1025,41,1026,14.1,10.4,1.8,0
36,13/01/2021,6.3,41,336,218,1018,58,1019,15,6.8,1.4,0
45,14/01/2021,11.7,41,337,219,1017,79,1017,15.5,6.4,1.3,0
82,15/01/2021,14.2,41,337,220,1015,88,1015,16.3,5.6,1.2,0
89,16/01/2021,14.5,41,338,221,1015,81,1016,18.1,5.6,1.1,0
97,17/01/2021,10.9,41,338,222,1024,73,1024,15.9,14,2.4,1
39,18/01/2021,5,42,339,223,1024,53,1024,14.7,9.6,1.9,0
6,19/01/2021,9.8,42,340,224,1018,72,1019,15.5,7.2,1.4,0
74,20/01/2021,14.4,42,340,225,1016,85,1017,17.1,6,1.5,0
98,21/01/2021,16.2,42,341,226,1015,88,1015,18.3,3.6,1.1,0
70,22/01/2021,15.3,42,342,227,1015,80,1015,18.9,5.6,1.3,0
37,23/01/2021,15,42,342,228,1014,81,1014,18.7,6.4,1.3,0
41,24/01/2021,16.4,42,343,229,1013,81,1013,19.9,9.6,2.2,0
95,25/01/2021,18.5,42,344,230,1015,89,1015,20.4,8.8,1.9,0
86,26/01/2021,17.7,42,344,231,1016,87,1016,19.9,8.4,1.6,0
74,27/01/2021,16.7,42,345,232,1016,81,1016,20.3,7.2,1.8,0
97,28/01/2021,15.2,42,346,234,1020,81,1020,18.5,9.2,1.8,1
98,29/01/2021,13.2,43,347,235,1020,75,1021,17.8,6.4,1.5,0
92,30/01/2021,15.6,43,347,236,1019,87,1019,17.8,10,1.4,0
92,31/01/2021,17.2,43,348,237,1019,88,1019,19.3,9.2,1.4,0
70,01/02/2021,17.7,43,349,239,1018,84,1018,20.5,7.2,2,0
73,02/02/2021,17.5,43,350,240,1018,86,1019,20,7.6,1.7,0
72,03/02/2021,17.2,43,350,241,1019,83,1019,20.3,7.6,1.4,0
75,04/02/2021,17.8,43,351,243,1020,84,1020,20.6,6.8,1.2,0
62,05/02/2021,17.2,43,352,244,1018,83,1018,20.4,8,1.5,0
61,06/02/2021,16.5,43,353,246,1017,82,1017,19.8,6.4,1.1,0
65,07/02/2021,16.8,44,353,247,1016,78,1016,20.9,6.8,1.5,0
94,08/02/2021,17.8,44,354,248,1017,81,1017,21.3,8.4,1.6,0
88,09/02/2021,15.2,44,355,250,1016,94,1017,16.2,13.2,2.3,21
30,10/02/2021,14.3,44,356,251,1015,78,1015,18.5,9.6,1.4,0
51,11/02/2021,15,44,356,253,1016,83,1017,18.2,5.2,1.6,0
43,12/02/2021,15.1,44,357,254,1016,77,1016,19.6,5.6,1.5,0
59,13/02/2021,14.6,44,358,255,1016,77,1016,19.1,7.6,1.5,0
56,14/02/2021,15.6,44,359,257,1016,72,1016,21.2,5.2,1.2,0
81,15/02/2021,17.4,45,359,258,1013,81,1014,20.9,9.2,1.5,0
93,16/02/2021,17.9,45,360,260,1014,81,1015,21.4,8.8,1.3,0.5
90,17/02/2021,16.7,45,361,261,1019,81,1019,20.2,8.4,1.5,0
95,18/02/2021,15.2,45,362,263,1023,73,1023,20.3,8.8,1.1,0
79,19/02/2021,15.4,45,362,264,1022,72,1022,20.8,8,1.6,0
36,20/02/2021,15.4,45,363,266,1019,78,1019,19.9,7.6,1.3,0
39,21/02/2021,16.5,45,364,267,1016,81,1017,20.1,10.8,2.3,0
64,22/02/2021,18.4,45,365,269,1014,82,1015,21.7,8.4,1.5,0
63,23/02/2021,18.4,45,365,270,1014,81,1014,22,7.6,1.6,0
58,24/02/2021,18.8,46,366,271,1011,82,1011,22.2,11.6,2.4,0
92,25/02/2021,20.2,46,367,273,1007,85,1007,23,12.8,2.1,0
94,26/02/2021,20.6,46,367,274,1007,84,1007,23.6,8.4,1.8,0.5
89,27/02/2021,18.2,46,368,276,1011,89,1011,20,7.2,1.6,0
94,28/02/2021,18.2,46,369,277,1012,95,1012,19.1,6.4,1.1,3
92,01/03/2021,20.4,46,370,280,1014,96,1014,21,9.2,1.4,6
95,02/03/2021,15.4,46,370,282,1018,81,1018,18.9,8.4,1.5,0.5
97,03/03/2021,16.1,46,371,283,1018,91,1018,17.7,6,1.1,0.5
93,04/03/2021,16.5,46,372,284,1016,93,1016,17.8,4.4,1.4,0
90,05/03/2021,19.2,47,372,286,1012,94,1013,20.3,7.2,1.1,0
90,06/03/2021,20.9,47,373,287,1013,91,1013,22.4,7.2,1.5,0
85,07/03/2021,19,47,373,288,1016,82,1016,22.3,7.6,1.8,4
95,08/03/2021,20.1,47,374,290,1016,92,1016,21.5,8,1.6,0.5
94,09/03/2021,21.2,47,375,291,1016,90,1016,23.1,10.4,1.9,0.5
84,10/03/2021,21.1,47,375,292,1015,88,1016,23.4,11.6,2.5,0
90,11/03/2021,21.1,47,376,294,1017,88,1017,23.3,9.2,1.9,0
84,12/03/2021,21,47,376,295,1017,86,1017,23.6,8,1.5,0.5
78,13/03/2021,20.5,48,377,296,1016,87,1017,22.9,10,1.5,0
80,14/03/2021,20.4,48,378,298,1014,83,1014,23.6,7.6,1.6,0
81,15/03/2021,20.9,48,378,299,1011,84,1011,23.8,12,1.7,0.5
90,16/03/2021,21.8,48,379,300,1011,89,1011,23.7,10.8,1.7,0
90,17/03/2021,21.9,48,379,301,1010,88,1011,24,11.6,1.9,0
77,18/03/2021,22,48,380,302,1010,85,1010,24.7,10.8,2,0
68,19/03/2021,22.6,48,381,304,1009,89,1009,24.6,11.2,2.4,0
94,20/03/2021,23,48,381,305,1008,91,1008,24.6,10.8,2.2,0
97,21/03/2021,17.5,48,382,306,1014,83,1015,20.5,12.8,2.5,2
100,22/03/2021,9.9,49,382,307,1023,63,1024,17.1,10.4,2.2,0
91,23/03/2021,11.7,49,383,308,1020,63,1020,19,6.8,1.5,0
100,24/03/2021,16.3,49,384,309,1015,80,1016,19.9,6,1.1,0
95,25/03/2021,19.6,49,385,310,1013,93,1014,20.8,7.6,1.7,0
92,26/03/2021,21.6,49,386,312,1011,95,1011,22.5,13.2,1.5,1
93,27/03/2021,21.9,49,386,313,1009,93,1009,23.2,11.2,1.7,0
94,28/03/2021,22.2,49,388,314,1008,93,1008,23.4,10,1.3,0
90,29/03/2021,23,50,389,315,1004,91,1004,24.6,10,1.5,0
90,30/03/2021,23.7,50,390,316,1002,89,1002,25.6,9.6,1.5,0
78,31/03/2021,23.6,50,391,317,1001,87,1002,26.1,10.8,1.8,0
99,01/04/2021,23.8,50,392,318,1003,92,1004,25.2,9.6,1.6,0
86,02/04/2021,24.3,50,393,319,1006,96,1006,25,9.2,1.1,0
89,03/04/2021,23.9,50,393,320,1009,93,1010,25.2,9.2,1.7,0.5
73,04/04/2021,22.7,50,394,321,1012,87,1012,25.2,10,1.6,1
91,05/04/2021,21.2,50,395,322,1015,86,1015,23.7,9.6,1.7,0
74,06/04/2021,22.3,50,396,322,1015,87,1015,24.7,10.4,1.6,3.5
71,07/04/2021,22.4,51,397,323,1013,84,1013,25.5,8,1.4,0.5
69,08/04/2021,23.2,51,398,324,1011,87,1011,25.6,10,2.1,4.5
96,09/04/2021,19.8,51,399,325,1014,88,1014,22,8,1.9,0
91,10/04/2021,20.3,51,399,326,1015,94,1016,21.3,8,1.6,0
76,11/04/2021,22.4,51,400,327,1015,87,1015,24.8,9.2,1.5,0
65,12/04/2021,23.1,51,401,327,1013,85,1014,25.9,10,2,0
81,13/04/2021,23.5,51,402,328,1012,87,1012,25.9,10.8,2.1,0
76,14/04/2021,23.5,51,402,329,1010,84,1010,26.6,9.6,1.8,0
95,15/04/2021,24.1,51,403,330,1009,87,1009,26.4,11.2,1.8,0.5
61,16/04/2021,23.9,51,404,330,1010,83,1010,27.1,9.6,2.1,1
77,17/04/2021,22.5,51,404,331,1014,93,1014,23.8,7.2,1.6,7.5
88,18/04/2021,21.5,52,405,332,1012,92,1012,22.9,5.2,1.4,3
68,19/04/2021,23.3,52,405,332,1008,85,1008,26.1,9.6,2.2,2
68,20/04/2021,24.9,52,406,333,1007,86,1008,27.5,11.2,2.3,0.5
78,21/04/2021,24.7,52,406,334,1008,85,1009,27.6,12.4,2.5,0.5
63,22/04/2021,24.7,52,407,334,1008,85,1008,27.7,10.4,2.3,0
98,23/04/2021,25.2,52,407,335,1006,89,1006,27.1,11.2,2,0
96,24/04/2021,25.4,52,408,335,1006,88,1006,27.7,11.6,2.1,0
97,25/04/2021,25.9,52,408,336,1008,94,1008,27,10.4,1.9,1.5
93,26/04/2021,23.4,52,409,336,1009,95,1010,24.3,8,2,16
85,27/04/2021,21.7,52,409,337,1013,89,1013,23.7,9.2,2,8.5
93,28/04/2021,22.2,52,410,337,1014,85,1014,24.8,6.4,1.4,12.5
85,29/04/2021,18.6,52,410,338,1015,80,1015,22.4,9.2,1.6,8
55,30/04/2021,20.9,52,410,338,1012,80,1012,24.9,6.4,1.4,0
85,01/05/2021,23.2,52,411,338,1011,86,1012,25.8,7.2,1.6,3
73,02/05/2021,24.8,52,411,339,1010,86,1010,27.5,10,2,5.5
60,03/05/2021,25.2,52,412,339,1008,83,1008,28.4,12.4,2.4,5
39,04/05/2021,24.8,52,412,340,1007,80,1007,28.8,10,2.5,0
66,05/05/2021,23.8,52,412,340,1011,89,1011,25.8,8.4,2.3,14
43,06/05/2021,23.4,52,413,340,1013,82,1013,27,8.4,1.8,0
62,07/05/2021,24.4,52,413,341,1011,82,1012,28,10.4,2,0
67,08/05/2021,25.1,53,413,341,1008,85,1009,27.9,9.2,1.8,0
54,09/05/2021,25.6,53,413,341,1007,85,1007,28.6,8.4,2,0
27,10/05/2021,26.5,53,414,341,1005,84,1005,29.5,10.8,2.2,0
52,11/05/2021,26.1,53,414,342,1004,83,1004,29.5,10.4,2.4,0
26,12/05/2021,26.3,53,414,342,1004,84,1004,29.3,10.4,2.1,0
75,13/05/2021,25.9,53,414,342,1005,87,1005,28.4,10.8,2.1,0
50,14/05/2021,25.6,53,415,342,1005,85,1005,28.5,13.2,2.1,0
58,15/05/2021,26.5,53,415,343,1005,84,1005,29.5,12.4,2,0
45,16/05/2021,26.4,53,415,343,1005,83,1005,29.7,11.2,2.6,0
67,17/05/2021,26.6,53,415,343,1006,87,1007,29.2,12,2.4,0
52,18/05/2021,26.5,53,415,343,1006,84,1006,29.5,11.2,2.2,0
57,19/05/2021,26.5,53,416,343,1003,82,1004,30,12.4,2.6,0
54,20/05/2021,26.4,53,416,344,1003,81,1004,30.1,12.4,2.1,0.5
37,21/05/2021,26.7,53,416,344,1003,81,1003,30.4,11.6,2.4,0
34,22/05/2021,27,53,416,344,1002,81,1002,30.7,12,2.6,0
35,23/05/2021,26.9,53,416,344,1004,81,1004,30.7,11.2,2.1,0.5
77,24/05/2021,25.1,53,416,344,1008,83,1008,28.3,8.8,1.5,14
76,25/05/2021,23.8,53,417,344,1008,91,1008,25.4,9.6,1.8,14.5
53,26/05/2021,25.6,53,417,344,1007,85,1007,28.5,9.6,1.4,2
43,27/05/2021,26,53,417,344,1007,82,1008,29.7,10.8,1.9,1
38,28/05/2021,26.3,53,417,344,1007,82,1008,29.8,8.4,1.3,2.5
33,29/05/2021,26.9,53,417,344,1005,80,1005,31,10.4,2.1,0
20,30/05/2021,25.8,53,417,345,1002,69,1003,32.5,8.8,2.6,0
20,31/05/2021,25.5,53,417,345,1001,65,1001,33.4,8.8,2.7,0
31,01/06/2021,26.1,53,417,345,1001,66,1001,34,10.4,2.4,0
27,02/06/2021,27.2,53,417,345,1002,73,1002,33,10.4,2.6,0
18,03/06/2021,26.3,53,417,345,1002,67,1002,33.8,9.2,2.6,0.5
71,04/06/2021,22.5,53,417,345,1005,70,1006,28.6,13.6,2.9,3.5
79,05/06/2021,23,53,418,345,1005,74,1006,28.3,5.6,1.5,0
64,06/06/2021,25.8,53,418,345,1003,82,1004,29.3,8.4,1.5,15
59,07/06/2021,25.7,53,418,345,1004,84,1004,28.7,6.4,1.5,8.5
87,08/06/2021,25.7,53,418,345,1005,91,1005,27.3,6.8,1.4,19.5
80,09/06/2021,25.9,53,418,345,1004,87,1004,28.3,7.6,1.1,9
54,10/06/2021,26.4,53,418,345,1002,86,1003,28.9,6,1.6,20
64,11/06/2021,25.7,53,418,345,1003,81,1003,29.4,8,1.9,11.5
72,12/06/2021,26,53,418,345,1001,89,1002,28,12.8,2.7,30.5
63,13/06/2021,25.3,53,418,345,1001,85,1001,28.3,14,3.8,4
52,14/06/2021,25.2,53,418,345,1001,75,1002,30.4,11.6,2.4,0
41,15/06/2021,24.2,53,418,345,1000,67,1000,31.2,10.8,2.6,0
43,16/06/2021,25.1,53,418,345,1001,67,1002,32.4,9.2,2.1,0
23,17/06/2021,25.5,53,418,345,1003,67,1003,32.7,8.8,2.6,0
21,18/06/2021,25.5,53,418,345,1003,66,1004,33,10,2.1,0
18,19/06/2021,25,53,418,345,1001,61,1001,33.9,10.4,2.1,0
31,20/06/2021,24.3,53,418,345,999,57,999,34.5,10,2.1,0
51,21/06/2021,24.6,53,418,345,999,58,1000,34.3,8.8,1.5,0
34,22/06/2021,27.5,53,418,345,1002,73,1002,33.2,8.8,1.4,4
61,23/06/2021,25.6,53,417,345,1003,81,1004,29.2,6.4,2.2,10.5
78,24/06/2021,26.5,53,417,344,1002,82,1003,29.9,7.2,1.6,0.5
72,25/06/2021,24.9,53,417,344,1002,79,1003,29,8,1.4,0
40,26/06/2021,25.2,53,417,344,1003,76,1004,30.1,10.4,1.9,0
41,27/06/2021,24.1,53,417,344,1002,61,1003,32.9,12,2.6,0
74,28/06/2021,24.1,53,417,344,1000,59,1000,33.4,11.2,2.5,0
76,29/06/2021,24.7,53,417,344,1000,68,1000,31.7,10.4,2.4,0
62,30/06/2021,25.2,53,417,344,1000,69,1001,31.9,11.2,2.3,0
39,01/07/2021,25.1,53,417,344,1001,67,1001,32.3,12.4,2.9,0
66,02/07/2021,24.7,53,417,344,1002,64,1002,32.7,11.2,2.2,0.5
45,03/07/2021,24.9,53,417,344,1002,63,1002,33.3,9.2,2.1,2
31,04/07/2021,25.9,53,417,344,1002,69,1003,32.8,9.2,2,0.5
50,05/07/2021,26.5,53,416,344,1004,79,1005,30.8,10,1.8,4.5
67,06/07/2021,26.2,53,416,344,1003,75,1004,31.5,9.6,1.9,2.5
73,07/07/2021,26.3,53,416,343,1004,86,1004,28.9,9.6,1.3,39
64,08/07/2021,25.3,53,416,343,1006,91,1006,27.1,12.8,1.4,18.5
38,09/07/2021,25.5,53,416,343,1008,81,1008,29.2,10.4,2,10
42,10/07/2021,25.2,53,416,343,1008,79,1009,29.5,8.8,1.7,1.5
44,11/07/2021,25.1,53,416,343,1009,76,1010,30,8.8,1.8,0
35,12/07/2021,25.4,53,415,343,1008,75,1009,30.5,11.2,2.2,0
29,13/07/2021,25.8,53,415,343,1006,77,1007,30.5,11.2,2.4,0
33,14/07/2021,25.8,53,415,343,1006,75,1006,30.8,11.2,2,0
43,15/07/2021,25.5,53,415,342,1007,74,1007,30.7,10.8,1.6,0
20,16/07/2021,25.4,53,415,342,1007,73,1008,31.1,9.2,1.6,0
21,17/07/2021,25.8,53,415,342,1004,75,1004,30.9,8.8,1.8,0
72,18/07/2021,26,53,414,342,1001,85,1002,28.9,6.8,1.8,11
51,19/07/2021,25.4,53,414,342,1001,79,1002,29.7,6.8,1.4,19
55,20/07/2021,26.3,53,414,342,1002,83,1002,29.6,6,1.2,12
73,21/07/2021,25.1,53,414,341,1001,81,1001,28.9,6,1.7,24
90,22/07/2021,26.4,52,414,341,999,89,1000,28.5,7.2,1,18.5
81,23/07/2021,25.8,52,413,341,998,96,998,26.5,10,1.6,120.5
59,24/07/2021,26.4,52,413,341,998,86,998,29,13.6,1.9,3.5
64,25/07/2021,26.6,52,413,340,999,87,1000,29.2,7.2,1.6,18
77,26/07/2021,26.2,52,413,340,999,81,999,30.1,6,1.1,15.5
51,27/07/2021,26.4,52,412,340,997,77,998,31.3,8,1.6,3.5
62,28/07/2021,27,52,412,340,997,80,997,31.1,6.8,1.6,0
56,29/07/2021,26.7,52,412,339,999,86,999,29.5,6.4,1.4,4
47,30/07/2021,26.4,52,411,339,1000,81,1000,30.1,7.2,1.4,3
44,31/07/2021,26.7,52,411,339,998,76,998,31.7,8,1.4,0
69,01/08/2021,25.5,52,411,339,999,88,999,27.7,10,1.6,15
43,02/08/2021,25.6,52,410,338,998,80,998,29.7,7.6,1.5,6
23,03/08/2021,26.7,52,410,338,999,77,999,31.5,7.6,2,13
40,04/08/2021,27.3,52,410,338,999,75,1000,32.3,6.4,1.8,0
52,05/08/2021,26.8,52,409,337,998,72,998,32.8,6.8,1.6,0
41,06/08/2021,25.7,52,409,337,999,66,999,33.2,6.8,1.5,0
32,07/08/2021,25.1,52,409,336,1000,61,1000,33.8,6.8,1.3,0
61,08/08/2021,26.8,52,408,336,1001,73,1001,32.3,6.8,1.1,0.5
76,09/08/2021,27.9,52,408,336,1001,85,1001,30.7,5.6,1,8
90,10/08/2021,25.6,52,407,335,1002,91,1002,27.2,7.2,1.1,17.5
79,11/08/2021,26.2,52,407,335,1004,85,1004,29.2,8.4,1.6,11.5
74,12/08/2021,25.7,52,407,334,1006,84,1006,28.8,8,1.1,0
71,13/08/2021,25.9,52,406,334,1002,79,1002,30,11.2,1.6,0
86,14/08/2021,25.2,52,406,333,1001,74,1001,30.3,9.6,1.7,0
87,15/08/2021,26,51,405,333,1005,82,1005,29.6,11.2,1.2,2
67,16/08/2021,25.7,51,405,332,1008,77,1009,30.3,8.8,1.5,0
40,17/08/2021,25.9,51,404,332,1008,76,1008,30.9,7.2,1.6,2
35,18/08/2021,25.3,51,404,331,1006,78,1006,29.7,6.4,1.7,0.5
42,19/08/2021,24.7,51,403,331,1006,75,1006,29.7,8.4,1.8,23.5
51,20/08/2021,26.4,51,402,330,1007,80,1008,30.2,7.6,2,3.5
21,21/08/2021,26.8,51,402,329,1007,79,1007,31,8.4,2.4,0.5
30,22/08/2021,27.4,51,401,329,1004,79,1004,31.7,10.4,1.8,0
54,23/08/2021,27.3,51,401,328,1003,77,1003,31.9,10.8,2,1
42,24/08/2021,26.5,51,400,327,1003,77,1004,31.2,8.8,1.5,2.5
25,25/08/2021,26.3,51,399,327,1005,76,1005,31.2,8.8,2.2,5
57,26/08/2021,25.9,51,398,326,1008,84,1008,29,8.4,1.3,13.5
64,27/08/2021,25.7,51,398,325,1009,86,1009,28.3,6.4,1.4,5
65,28/08/2021,24.8,51,397,325,1009,85,1009,27.7,6.4,1.2,9.5
39,29/08/2021,24.6,50,396,324,1009,82,1009,28.1,8,1,3.5
49,30/08/2021,25.4,50,395,323,1009,84,1010,28.5,5.6,1.4,5
34,31/08/2021,25.8,50,395,322,1009,85,1010,28.6,6.4,1.1,11.5
40,01/09/2021,25.6,50,394,321,1008,80,1008,29.7,5.6,1.3,7
48,02/09/2021,25.8,50,393,321,1007,87,1007,28.2,6.4,1,7
47,03/09/2021,25.5,50,392,320,1005,83,1005,28.9,6,1.3,3.5
52,04/09/2021,26.2,50,391,319,1005,83,1005,29.6,6.8,1.9,5
62,05/09/2021,25.5,50,390,318,1008,89,1008,27.5,6.4,1.1,15.5
50,06/09/2021,25.2,50,389,317,1010,82,1010,28.9,6,1.1,11.5
46,07/09/2021,25.4,49,389,316,1009,87,1009,27.8,8.8,1.5,17.5
77,08/09/2021,24.5,49,388,315,1008,93,1008,25.7,10.4,2.1,16.5
53,09/09/2021,25,49,387,314,1009,89,1009,27.2,7.6,1.5,28
30,10/09/2021,25,49,386,314,1008,79,1008,29.3,8.4,1.6,0
25,11/09/2021,25,49,386,313,1005,75,1005,29.9,6.8,1.4,1
29,12/09/2021,25.8,49,386,312,1002,75,1002,31.1,5.6,1.3,1
53,13/09/2021,26.3,49,385,311,1005,83,1005,29.6,8,1.6,27
61,14/09/2021,25,49,385,310,1009,93,1009,26.3,7.6,1.4,12
65,15/09/2021,25.1,49,384,309,1011,93,1011,26.4,7.2,1.4,12.5
76,16/09/2021,25.5,49,384,308,1010,89,1010,27.6,7.2,1.1,8
67,17/09/2021,25.3,48,383,307,1008,89,1009,27.3,7.2,1.5,7
33,18/09/2021,25.1,48,383,306,1009,82,1009,28.8,8.4,1.9,0.5
19,19/09/2021,24.7,48,382,305,1009,76,1009,29.7,7.6,1.5,0
54,20/09/2021,24.9,48,382,303,1009,85,1010,27.7,6.4,1.7,3
70,21/09/2021,24.4,48,381,302,1009,82,1009,28,6,1.4,4
65,22/09/2021,25.2,48,381,301,1009,89,1009,27.2,6.4,1.5,11.5
74,23/09/2021,25,48,380,300,1010,89,1011,27.2,7.2,1.5,18.5
79,24/09/2021,24.6,48,380,299,1010,95,1011,25.4,8,1.6,22.5
74,25/09/2021,24.5,48,379,298,1010,94,1010,25.5,8.8,1,24
58,26/09/2021,24.9,48,378,297,1011,91,1011,26.5,7.2,1.2,14.5
67,27/09/2021,24.4,48,378,295,1011,87,1011,26.9,6,1.1,5.5
32,28/09/2021,24.8,48,377,294,1009,81,1010,28.6,4.8,1,0
35,29/09/2021,25.1,47,377,293,1008,82,1008,28.8,5.6,1.1,0
32,30/09/2021,25.5,47,376,292,1008,81,1008,29.4,6.8,1.5,0
40,01/10/2021,25.2,47,375,290,1009,79,1010,29.5,7.2,1.6,0
48,02/10/2021,25.4,47,375,289,1010,81,1011,29.2,7.6,2.1,1
42,03/10/2021,24.4,47,374,288,1011,77,1011,29.2,7.6,2,0
63,04/10/2021,24.3,47,373,287,1011,86,1011,27,7.6,1.5,1
73,05/10/2021,25.3,47,372,285,1010,92,1011,26.6,10,1.1,9
68,06/10/2021,24.9,47,372,284,1007,91,1008,26.6,8.4,1.4,0.5
63,07/10/2021,24.5,47,371,283,1004,79,1004,29,11.2,1.4,0.5
42,08/10/2021,22.4,46,370,281,1003,66,1003,29.8,12.4,2.5,0
76,09/10/2021,22.7,46,369,280,1003,84,1003,25.8,12.8,2,30.5
79,10/10/2021,23.1,46,368,278,1001,96,1002,23.8,14.4,2.6,75.5
80,11/10/2021,23.3,46,368,277,1006,96,1007,24.1,13.2,2.7,108.5
69,12/10/2021,18.3,46,367,276,1008,68,1008,24.7,13.6,2.2,0
85,13/10/2021,19.1,46,366,274,1004,79,1004,23.2,19.6,2.8,15
83,14/10/2021,20.2,46,365,273,1004,90,1004,21.9,19.2,2.5,32.5
80,15/10/2021,20.3,46,364,271,1010,96,1010,21,10.4,2,17.5
91,16/10/2021,19.1,46,363,270,1015,90,1015,20.8,12.4,3.5,9
86,17/10/2021,16.4,45,362,269,1018,78,1018,20.5,14,3.5,0
82,18/10/2021,17.5,45,361,267,1018,92,1018,18.9,12.4,2.1,11
94,19/10/2021,20.3,45,360,266,1017,96,1017,21.1,8.8,1.2,4.5
55,20/10/2021,23.3,45,359,264,1014,86,1014,26.1,9.2,1.2,0
66,21/10/2021,21.1,45,358,263,1014,87,1015,23.4,12,1.4,7
95,22/10/2021,13.8,45,357,262,1020,67,1020,20.1,10.4,1.7,0
57,23/10/2021,14,45,356,260,1021,67,1021,20.5,8.8,1.6,0
42,24/10/2021,15.8,44,356,259,1019,71,1020,21.5,9.2,1.4,0
40,25/10/2021,17.6,44,355,257,1017,76,1017,22.4,6.8,1.3,0
56,26/10/2021,18.2,44,354,256,1015,75,1015,23.4,6.8,1,0
65,27/10/2021,19.2,44,353,255,1016,72,1016,24.8,7.2,1.6,0
81,28/10/2021,20.3,44,352,253,1016,92,1017,21.8,8.4,1.4,5.5
87,29/10/2021,21,44,351,252,1017,96,1017,21.6,10.4,1.6,15
83,30/10/2021,20,44,350,250,1017,96,1018,20.7,10,1.6,12
88,31/10/2021,19.5,43,349,249,1017,95,1017,20.3,8.4,1.2,4.5
98,01/11/2021,20.5,43,348,248,1017,94,1017,21.5,6.8,1.9,3
93,02/11/2021,21,43,347,246,1016,94,1017,22,7.2,1.6,1
83,03/11/2021,21.6,43,347,245,1015,88,1015,23.9,6.4,1.2,0
59,04/11/2021,22.2,43,346,244,1012,83,1013,25.5,7.6,1.2,0
51,05/11/2021,23.2,43,345,242,1010,84,1010,26.3,9.6,2.1,0
32,06/11/2021,23.6,43,344,241,1008,84,1008,26.7,10.4,2.2,0
49,07/11/2021,23.9,42,344,240,1011,85,1011,26.8,11.6,1.1,12.5
88,08/11/2021,14.6,42,343,238,1019,74,1019,19.6,13.6,2.9,0
27,09/11/2021,9.7,42,342,237,1020,56,1020,19,8,1.8,0
35,10/11/2021,10.3,42,342,236,1019,55,1019,20.1,8.8,1.7,0
84,11/11/2021,14.8,42,341,235,1017,69,1017,21.1,5.6,1.4,0
86,12/11/2021,15.8,42,340,234,1018,69,1019,21.9,8,1.6,0
54,13/11/2021,13.1,42,339,232,1018,61,1019,21.2,9.2,2.1,0
55,14/11/2021,15.6,42,339,231,1017,71,1018,21.2,6,1.7,0
75,15/11/2021,17.8,42,338,230,1015,79,1015,21.7,7.6,1.1,0
93,16/11/2021,19.1,42,338,229,1015,87,1015,21.3,8.4,1.3,2
91,17/11/2021,19.3,41,337,228,1016,87,1017,21.5,10.4,2.2,0.5
86,18/11/2021,14.6,41,336,227,1015,72,1015,19.8,8,2.3,0
83,19/11/2021,18.1,41,336,226,1010,83,1010,21.2,8,1.2,0
64,20/11/2021,21.7,41,335,225,1009,83,1009,24.9,11.2,1.9,1
55,21/11/2021,23,41,335,224,1011,84,1012,26.1,9.2,2,1
93,22/11/2021,16.5,41,334,223,1017,78,1017,20.6,13.2,2.6,3
97,23/11/2021,10.4,41,334,222,1021,62,1021,18,9.6,1.9,0
88,24/11/2021,10.5,41,333,221,1021,59,1021,18.8,8,2.1,0
74,25/11/2021,13.1,41,333,220,1019,71,1019,18.7,6.8,2.2,0
47,26/11/2021,15.1,41,332,219,1019,74,1019,20.1,7.2,1.2,0
66,27/11/2021,14.3,41,332,218,1019,66,1020,21.5,7.6,1.3,0
58,28/11/2021,14.7,41,331,217,1019,70,1019,20.7,6.4,1.6,0
57,29/11/2021,15.5,41,331,217,1018,68,1018,22.1,6,1.1,0
36,30/11/2021,14.3,41,331,216,1020,65,1020,21.6,11.2,2.1,0
21,01/12/2021,10.8,40,330,215,1021,60,1022,19.3,8.8,1.6,0
38,02/12/2021,9.2,40,330,214,1022,63,1022,17.3,7.6,1.5,0
15,03/12/2021,10.3,40,330,214,1022,67,1022,17.2,6.8,1.7,0
32,04/12/2021,10.9,40,330,213,1021,68,1022,17.7,6.4,1.6,0
3,05/12/2021,10.8,40,329,213,1021,65,1021,18.2,7.6,1.7,0
19,06/12/2021,11.1,40,329,212,1020,67,1021,18.1,6.8,2,0
5,07/12/2021,10.7,40,329,211,1020,66,1020,18,7.2,1.9,0
80,08/12/2021,13.5,40,329,211,1021,71,1021,19.2,6.4,2.2,0
98,09/12/2021,16.2,40,329,211,1021,78,1022,20.3,6.8,1.8,0
74,10/12/2021,17.1,40,328,210,1019,81,1020,20.7,7.2,1.7,0
58,11/12/2021,18.2,40,328,210,1020,85,1020,20.9,7.2,2.2,0
67,12/12/2021,17.3,40,328,209,1021,80,1021,21.2,9.6,1.8,0
73,13/12/2021,12.4,40,328,209,1021,67,1022,19,8.4,2.2,0
48,14/12/2021,14.4,40,328,209,1018,79,1018,18.4,5.6,1.9,0
49,15/12/2021,17.3,40,328,209,1014,84,1015,20.3,6.4,1.7,0
75,16/12/2021,19.4,40,328,208,1015,86,1015,22,4,1.8,0
72,17/12/2021,18,40,328,208,1018,76,1019,22.6,10,1.8,0
53,18/12/2021,12.1,40,328,208,1021,63,1022,19.4,9.6,2.3,0
50,19/12/2021,9.1,40,328,208,1021,57,1021,18.2,9.6,1.7,0
98,20/12/2021,10.8,40,328,208,1017,59,1017,19.2,7.2,1,0
89,21/12/2021,13.2,40,328,208,1017,71,1017,18.8,8.4,1.6,0
64,22/12/2021,15.2,40,329,208,1016,77,1017,19.5,5.2,1.7,0
31,23/12/2021,15.3,40,329,208,1015,78,1016,19.6,6,1.2,0
93,24/12/2021,18.1,40,329,208,1016,88,1016,20.3,4.8,1.1,0
86,25/12/2021,18.6,40,329,208,1018,86,1019,21.1,11.2,1.9,0
86,26/12/2021,15.8,40,329,209,1022,82,1022,19,10.8,2.2,5
95,27/12/2021,9.3,40,330,209,1026,79,1026,13,10,2.4,0
98,28/12/2021,10,40,330,209,1024,76,1024,14.1,7.2,1.9,0
99,29/12/2021,11.5,40,330,209,1023,76,1024,15.7,8,2,0
93,30/12/2021,12.2,40,330,210,1025,84,1025,15,8,1.9,0
91,31/12/2021,13.5,40,331,210,1024,88,1025,15.4,6.8,1.4,0
87,01/01/2022,13.5,40,331,210,1023,80,1024,17,7.6,2.5,0
95,02/01/2022,13.2,40,331,211,1022,77,1022,17.5,6.4,2.3,0
85,03/01/2022,14.9,40,332,211,1020,85,1020,17.5,6,2,0
78,04/01/2022,16.4,41,332,212,1017,82,1018,19.8,6.8,1.9,0
84,05/01/2022,18.2,41,332,212,1016,85,1016,21,5.6,1.5,0.5
72,06/01/2022,18.5,41,333,213,1017,85,1017,21.3,7.6,1.9,0
82,07/01/2022,17.9,41,333,213,1019,84,1019,20.8,12,2,0
83,08/01/2022,17.2,41,334,214,1018,81,1018,20.7,11.6,2.2,0
83,09/01/2022,14.6,41,334,215,1017,92,1017,15.9,7.6,1.7,0
77,10/01/2022,14.3,41,335,216,1016,95,1017,15.1,7.6,1.8,0
81,11/01/2022,11.1,41,335,216,1020,71,1021,16.6,7.6,1.7,0
89,12/01/2022,14,41,336,217,1019,82,1019,17.1,6.8,1.8,0
89,13/01/2022,14.3,41,336,218,1020,90,1021,16,7.2,1.6,0
89,14/01/2022,14.7,41,337,219,1018,84,1018,17.4,4,1.6,0
82,15/01/2022,17.8,41,337,220,1016,88,1017,20,7.6,1.9,0
76,16/01/2022,19.3,41,338,221,1017,86,1017,21.8,9.6,1.7,3.5
85,17/01/2022,13.1,41,338,222,1020,89,1021,15,10.4,2.5,0
63,18/01/2022,11.3,42,339,223,1021,72,1021,16.8,8.4,2,0
76,19/01/2022,12.5,42,340,224,1019,75,1019,17.4,6,1.9,0
92,20/01/2022,14.3,42,340,225,1016,86,1017,16.7,7.6,1.3,1
85,21/01/2022,16.2,42,341,226,1015,95,1015,16.9,8.4,1.4,10
91,22/01/2022,17.6,42,342,227,1011,93,1011,18.8,8.4,1.6,3
90,23/01/2022,19.8,42,342,228,1010,92,1010,21.2,4.4,1,0
93,24/01/2022,20.1,42,343,229,1012,92,1012,21.5,8.8,1.5,1
96,25/01/2022,18.3,42,344,230,1014,93,1014,19.5,8.8,2.5,0
97,26/01/2022,18.9,42,344,231,1014,92,1014,20.1,6.8,1.5,0
94,27/01/2022,19.9,42,345,232,1014,93,1014,21.2,9.6,1.8,0.5
74,28/01/2022,19.6,42,346,234,1013,87,1013,21.9,10,2.1,0
82,29/01/2022,16.3,43,347,235,1012,92,1013,17.7,9.6,2.4,3.5
86,30/01/2022,10.1,43,347,236,1016,85,1017,12.5,8.8,2.5,0.5
90,31/01/2022,9.3,43,348,237,1018,83,1018,12.3,10,2.4,1
92,01/02/2022,8.8,43,349,239,1019,76,1019,13,7.6,1.9,0
94,02/02/2022,9,43,350,240,1019,79,1020,12.6,8.4,2.4,0
92,03/02/2022,7.6,43,350,241,1020,67,1020,13.6,7.6,2.4,0
98,04/02/2022,9.5,43,351,243,1021,68,1022,15.6,8,1.8,0
93,05/02/2022,11.6,43,352,244,1022,78,1022,15.5,6.8,1.7,1
89,06/02/2022,12.3,43,353,246,1019,93,1019,13.4,6.4,1.6,9.5
87,07/02/2022,14.8,44,353,247,1015,92,1015,16.1,6.4,1.4,0
84,08/02/2022,16.4,44,354,248,1015,95,1016,17.2,7.6,1.6,0
84,09/02/2022,12.9,44,355,250,1018,92,1018,14.2,8.4,1.3,0
92,10/02/2022,13.5,44,356,251,1016,93,1016,14.7,5.2,1.7,0
89,11/02/2022,16,44,356,253,1015,93,1015,17.1,5.2,1.5,0
81,12/02/2022,16.5,44,357,254,1014,96,1014,17.2,7.6,1,0.5
86,13/02/2022,12.6,44,358,255,1014,90,1014,14.2,10.8,1.8,0
98,14/02/2022,10.6,44,359,257,1017,73,1018,15.5,7.6,2,0
96,15/02/2022,14.4,45,359,258,1016,86,1016,16.9,6.4,1.1,0
83,16/02/2022,16,45,360,260,1012,94,1013,16.9,6,1.1,0
93,17/02/2022,17.9,45,361,261,1009,94,1010,18.9,4.4,1.6,0
85,18/02/2022,19.6,45,362,263,1010,96,1010,20.2,7.6,2.4,4.5
81,19/02/2022,12.5,45,362,264,1015,94,1016,13.5,11.2,2.9,25
75,20/02/2022,7.2,45,363,266,1022,93,1022,8.3,10.4,2.1,23
86,21/02/2022,6.6,45,364,267,1023,76,1023,10.8,9.6,2.5,0
96,22/02/2022,6.4,45,365,269,1024,71,1024,11.7,10,2.3,0
70,23/02/2022,5.1,45,365,270,1026,60,1026,13,11.2,2.6,0
73,24/02/2022,8,46,366,271,1026,68,1026,14.1,8.4,1.4,0
41,25/02/2022,9,46,367,273,1024,72,1024,14.5,5.6,1.5,0
91,26/02/2022,12.4,46,367,274,1022,75,1022,17.1,6.4,1.9,0
93,27/02/2022,14.5,46,368,276,1019,75,1019,19.3,6.4,1.6,0
84,28/02/2022,15.7,46,369,277,1016,78,1016,20,7.6,1.4,0
94,01/03/2022,17.9,46,370,280,1016,84,1016,20.7,7.2,1,0
83,02/03/2022,18.6,46,370,282,1016,83,1017,21.8,7.2,1.6,0
69,03/03/2022,18.7,46,371,283,1014,86,1014,21.2,8.8,1.9,0
93,04/03/2022,19.5,46,372,284,1013,89,1013,21.4,8.8,1.7,0
93,05/03/2022,20.2,47,372,286,1011,92,1012,21.6,10.4,1.1,0
87,06/03/2022,20.9,47,373,287,1011,93,1012,22.1,9.2,1.4,0.5
80,07/03/2022,18.6,47,373,288,1017,84,1017,21.7,12.8,1.5,16
42,08/03/2022,14.6,47,374,290,1016,70,1016,20.8,9.2,1.8,0
65,09/03/2022,17,47,375,291,1014,84,1014,19.8,8.4,2,0
65,10/03/2022,18.2,47,375,292,1013,84,1014,21,7.6,2,0
75,11/03/2022,18.9,47,376,294,1012,82,1012,22.1,7.2,1.6,0
84,12/03/2022,19.4,47,376,295,1011,84,1011,22.3,8.8,1.7,0
69,13/03/2022,20.6,48,377,296,1011,89,1011,22.6,9.2,1.6,0
73,14/03/2022,20.5,48,378,298,1011,83,1011,23.7,8.8,1.7,0
89,15/03/2022,20.7,48,378,299,1010,78,1010,24.9,6.8,1.4,0
83,16/03/2022,21.4,48,379,300,1009,91,1009,23.1,9.6,1.5,2.5
83,17/03/2022,22,48,379,301,1008,91,1008,23.6,8,1.2,0
84,18/03/2022,22,48,380,302,1008,88,1008,24.2,7.2,1.3,0
91,19/03/2022,22.1,48,381,304,1007,89,1007,24.1,8.8,1.7,0
93,20/03/2022,23.3,48,381,305,1007,89,1007,25.2,10.4,2,0
70,21/03/2022,23.6,48,382,306,1008,88,1008,25.9,11.6,2.5,0
60,22/03/2022,24,49,382,307,1009,84,1009,27.1,9.2,1.6,2.5
82,23/03/2022,18.8,49,383,308,1013,92,1013,20.1,9.6,2.1,31.5
95,24/03/2022,18,49,384,309,1011,89,1011,19.9,5.6,1.2,0.5
72,25/03/2022,21.7,49,385,310,1007,87,1007,24.1,9.2,1.3,0
40,26/03/2022,23.6,49,386,312,1007,83,1007,27.1,8,2,0
90,27/03/2022,20,49,386,313,1012,82,1012,23.3,9.6,1.7,0
93,28/03/2022,15.8,49,388,314,1016,80,1017,19.3,8.8,0.9,3.5
92,29/03/2022,18,50,389,315,1014,87,1015,20.3,4.8,0.7,0
90,30/03/2022,20.8,50,390,316,1013,93,1013,22,6,0.8,1
97,31/03/2022,22,50,391,317,1014,91,1015,23.7,9.6,1.3,2.5
80,01/04/2022,16.7,50,392,318,1020,91,1020,18.3,12.4,2.5,20
94,02/04/2022,11.9,50,393,319,1024,68,1025,18.2,12,2.6,0
32,03/04/2022,10.7,50,393,320,1022,60,1022,19.3,7.6,1.8,0
54,04/04/2022,12.5,50,394,321,1021,60,1021,21.2,8.4,1.5,0
27,05/04/2022,15.6,50,395,322,1019,69,1020,21.8,6.8,1.1,0
28,06/04/2022,17.3,50,396,322,1017,70,1017,23.6,6.4,1.2,0
42,07/04/2022,17.3,51,397,323,1016,63,1016,25.5,8,1.3,0
32,08/04/2022,17.7,51,398,324,1014,68,1015,24.6,5.6,1.6,0
44,09/04/2022,19,51,399,325,1012,74,1012,24.4,8,1.7,0
53,10/04/2022,19.5,51,399,326,1010,77,1011,24.1,8.4,1.6,0
73,11/04/2022,20.8,51,400,327,1010,82,1010,24.2,8.8,1.9,0
97,12/04/2022,22.2,51,401,327,1007,85,1007,24.9,9.6,1.6,0
70,13/04/2022,22.6,51,402,328,1006,80,1007,26.5,5.6,1.6,0
77,14/04/2022,22.9,51,402,329,1007,81,1007,26.5,9.2,1.8,0
91,15/04/2022,24.1,51,403,330,1007,90,1008,25.9,11.6,1.9,0
93,16/04/2022,22.5,51,404,330,1009,93,1009,23.7,9.6,1.4,11
87,17/04/2022,17.5,51,404,331,1013,95,1014,18.3,9.6,2.2,1
87,18/04/2022,15.8,52,405,332,1017,83,1017,18.8,10,2.4,0.5
75,19/04/2022,15.9,52,405,332,1017,70,1017,21.9,8,1.5,0
84,20/04/2022,18.1,52,406,333,1014,78,1015,22.2,5.2,0.9,2
90,21/04/2022,20.3,52,406,334,1011,83,1012,23.4,7.6,1.5,1
81,22/04/2022,22,52,407,334,1009,85,1009,24.8,11.6,2.3,0
73,23/04/2022,23.8,52,407,335,1007,84,1008,26.7,8.8,1.7,0
76,24/04/2022,24.3,52,408,335,1005,88,1005,26.4,11.2,2.2,0
75,25/04/2022,24.5,52,408,336,1004,84,1004,27.7,11.6,2.3,0
80,26/04/2022,25,52,409,336,1003,85,1004,27.9,9.2,1.6,0
84,27/04/2022,25.2,52,409,337,1005,86,1006,27.7,8.4,1.8,0
83,28/04/2022,25.1,52,410,337,1007,88,1008,27.2,11.6,2,0
75,29/04/2022,24.7,52,410,338,1009,83,1009,27.9,11.6,2.1,0
45,30/04/2022,24.8,52,410,338,1009,82,1009,28.3,9.6,1.7,1
86,01/05/2022,17.8,52,411,338,1012,73,1012,23.2,13.2,2.9,13
79,02/05/2022,13.4,52,411,339,1015,56,1016,22.8,11.6,1.7,0
53,03/05/2022,14.8,52,412,339,1016,59,1016,24,7.6,1.6,0
35,04/05/2022,15.8,52,412,340,1014,59,1014,25,5.2,1.6,0
62,05/05/2022,19.3,52,412,340,1011,70,1012,25.5,7.6,1.3,0
70,06/05/2022,22.1,52,413,340,1010,78,1011,26.5,5.6,1.2,7
73,07/05/2022,23.9,52,413,341,1010,86,1011,26.5,6.8,1.9,2.5
89,08/05/2022,24,53,413,341,1010,89,1010,25.9,9.6,2,10
77,09/05/2022,24.5,53,413,341,1009,87,1009,26.8,10.8,2,1.5
76,10/05/2022,25.5,53,414,341,1006,87,1006,28,10.4,2.6,1
66,11/05/2022,25.6,53,414,342,1004,81,1004,29.4,9.2,1.5,2.5
85,12/05/2022,25.5,53,414,342,1003,85,1003,28.4,9.2,1.6,10
81,13/05/2022,25.2,53,414,342,1003,86,1004,27.9,7.2,1.7,23
93,14/05/2022,23.6,53,415,342,1006,88,1007,25.8,6.4,1.2,4.5
84,15/05/2022,23,53,415,343,1008,89,1009,25,10.4,1.3,8
81,16/05/2022,16.8,53,415,343,1013,68,1013,23,9.2,2.8,2
77,17/05/2022,18.3,53,415,343,1013,70,1013,24.3,6,1.3,0
59,18/05/2022,20.4,53,415,343,1012,76,1012,25,7.2,1.1,0
64,19/05/2022,22.7,53,416,343,1011,84,1011,25.8,7.2,1.3,0
61,20/05/2022,23.8,53,416,344,1008,85,1008,26.7,8,1.4,0
62,21/05/2022,23.7,53,416,344,1005,85,1006,26.5,11.2,1.7,15.5
79,22/05/2022,24.8,53,416,344,1001,91,1002,26.4,10.4,2,14
70,23/05/2022,24.9,53,416,344,1002,85,1002,27.8,9.6,2.2,26.5
88,24/05/2022,24.2,53,416,344,1006,94,1006,25.2,7.6,1.3,16.5
66,25/05/2022,24.7,53,417,344,1005,86,1005,27.3,6.4,1.3,3.5
77,26/05/2022,25.5,53,417,344,1002,83,1002,28.8,6.4,1.2,5.5
70,27/05/2022,26.5,53,417,344,1000,84,1000,29.5,6,1,5.5
55,28/05/2022,26.5,53,417,344,1000,82,1000,29.9,6.8,1.8,4
55,29/05/2022,26.5,53,417,344,1001,82,1001,29.8,7.2,1.5,6
79,30/05/2022,26.5,53,417,345,1003,86,1003,29.1,6.4,1.9,11
75,31/05/2022,25.1,53,417,345,1004,89,1005,27.1,6.4,1.5,11.5
74,01/06/2022,26.2,53,417,345,1004,82,1004,29.7,9.6,2.1,0.5
76,02/06/2022,26.1,53,417,345,1002,79,1002,30.4,9.6,2.4,0.5
67,03/06/2022,25.2,53,417,345,1001,77,1001,30,11.2,1.8,1.5
35,04/06/2022,24.5,53,417,345,1000,66,1001,31.9,10.8,2,0
21,05/06/2022,24.8,53,418,345,1000,67,1000,31.8,9.6,1.9,0
68,06/06/2022,25.3,53,418,345,1002,83,1002,28.5,8.4,1.2,4.5
81,07/06/2022,24.8,53,418,345,1003,85,1004,27.7,6,1.5,22.5
84,08/06/2022,25.7,53,418,345,1003,86,1003,28.4,6.8,1.4,7
58,09/06/2022,25.5,53,418,345,1002,80,1003,29.6,9.2,1.3,0
57,10/06/2022,25.8,53,418,345,1001,72,1001,31.7,10,1.1,0.5
76,11/06/2022,26.3,53,418,345,1003,79,1003,30.4,8,1.1,0
69,12/06/2022,26.4,53,418,345,1003,76,1004,31.4,7.6,1.7,0
90,30/03/2021,23.7,50,390,316,1002,89,1002,25.6,9.6,1.5,0
78,31/03/2021,23.6,50,391,317,1001,87,1002,26.1,10.8,1.8,0
99,01/04/2021,23.8,50,392,318,1003,92,1004,25.2,9.6,1.6,0
86,02/04/2021,24.3,50,393,319,1006,96,1006,25,9.2,1.1,0
89,03/04/2021,23.9,50,393,320,1009,93,1010,25.2,9.2,1.7,0.5
73,04/04/2021,22.7,50,394,321,1012,87,1012,25.2,10,1.6,1
91,05/04/2021,21.2,50,395,322,1015,86,1015,23.7,9.6,1.7,0
74,06/04/2021,22.3,50,396,322,1015,87,1015,24.7,10.4,1.6,3.5
71,07/04/2021,22.4,51,397,323,1013,84,1013,25.5,8,1.4,0.5
96,09/04/2021,19.8,51,399,325,1014,88,1014,22,8,1.9,0
91,10/04/2021,20.3,51,399,326,1015,94,1016,21.3,8,1.6,0
76,11/04/2021,22.4,51,400,327,1015,87,1015,24.8,9.2,1.5,0
65,12/04/2021,23.1,51,401,327,1013,85,1014,25.9,10,2,0
81,13/04/2021,23.5,51,402,328,1012,87,1012,25.9,10.8,2.1,0
76,14/04/2021,23.5,51,402,329,1010,84,1010,26.6,9.6,1.8,0
95,15/04/2021,24.1,51,403,330,1009,87,1009,26.4,11.2,1.8,0.5
61,16/04/2021,23.9,51,404,330,1010,83,1010,27.1,9.6,2.1,1
77,17/04/2021,22.5,51,404,331,1014,93,1014,23.8,7.2,1.6,7.5
68,19/04/2021,23.3,52,405,332,1008,85,1008,26.1,9.6,2.2,2
68,20/04/2021,24.9,52,406,333,1007,86,1008,27.5,11.2,2.3,0.5
78,21/04/2021,24.7,52,406,334,1008,85,1009,27.6,12.4,2.5,0.5
63,22/04/2021,24.7,52,407,334,1008,85,1008,27.7,10.4,2.3,0
98,23/04/2021,25.2,52,407,335,1006,89,1006,27.1,11.2,2,0
96,24/04/2021,25.4,52,408,335,1006,88,1006,27.7,11.6,2.1,0
97,25/04/2021,25.9,52,408,336,1008,94,1008,27,10.4,1.9,1.5
93,26/04/2021,23.4,52,409,336,1009,95,1010,24.3,8,2,16
85,27/04/2021,21.7,52,409,337,1013,89,1013,23.7,9.2,2,8.5
85,29/04/2021,18.6,52,410,338,1015,80,1015,22.4,9.2,1.6,8
55,30/04/2021,20.9,52,410,338,1012,80,1012,24.9,6.4,1.4,0
85,01/05/2021,23.2,52,411,338,1011,86,1012,25.8,7.2,1.6,3
73,02/05/2021,24.8,52,411,339,1010,86,1010,27.5,10,2,5.5
60,03/05/2021,25.2,52,412,339,1008,83,1008,28.4,12.4,2.4,5
39,04/05/2021,24.8,52,412,340,1007,80,1007,28.8,10,2.5,0
66,05/05/2021,23.8,52,412,340,1011,89,1011,25.8,8.4,2.3,14
43,06/05/2021,23.4,52,413,340,1013,82,1013,27,8.4,1.8,0
62,07/05/2021,24.4,52,413,341,1011,82,1012,28,10.4,2,0
54,09/05/2021,25.6,53,413,341,1007,85,1007,28.6,8.4,2,0
27,10/05/2021,26.5,53,414,341,1005,84,1005,29.5,10.8,2.2,0
52,11/05/2021,26.1,53,414,342,1004,83,1004,29.5,10.4,2.4,0
26,12/05/2021,26.3,53,414,342,1004,84,1004,29.3,10.4,2.1,0
75,13/05/2021,25.9,53,414,342,1005,87,1005,28.4,10.8,2.1,0
50,14/05/2021,25.6,53,415,342,1005,85,1005,28.5,13.2,2.1,0
58,15/05/2021,26.5,53,415,343,1005,84,1005,29.5,12.4,2,0
45,16/05/2021,26.4,53,415,343,1005,83,1005,29.7,11.2,2.6,0
67,17/05/2021,26.6,53,415,343,1006,87,1007,29.2,12,2.4,0
52,18/05/2021,26.5,53,415,343,1006,84,1006,29.5,11.2,2.2,0
57,19/05/2021,26.5,53,416,343,1003,82,1004,30,12.4,2.6,0
54,20/05/2021,26.4,53,416,344,1003,81,1004,30.1,12.4,2.1,0.5
37,21/05/2021,26.7,53,416,344,1003,81,1003,30.4,11.6,2.4,0
34,22/05/2021,27,53,416,344,1002,81,1002,30.7,12,2.6,0
35,23/05/2021,26.9,53,416,344,1004,81,1004,30.7,11.2,2.1,0.5
77,24/05/2021,25.1,53,416,344,1008,83,1008,28.3,8.8,1.5,14
76,25/05/2021,23.8,53,417,344,1008,91,1008,25.4,9.6,1.8,14.5
53,26/05/2021,25.6,53,417,344,1007,85,1007,28.5,9.6,1.4,2
43,27/05/2021,26,53,417,344,1007,82,1008,29.7,10.8,1.9,1
38,28/05/2021,26.3,53,417,344,1007,82,1008,29.8,8.4,1.3,2.5
33,29/05/2021,26.9,53,417,344,1005,80,1005,31,10.4,2.1,0
20,30/05/2021,25.8,53,417,345,1002,69,1003,32.5,8.8,2.6,0
20,31/05/2021,25.5,53,417,345,1001,65,1001,33.4,8.8,2.7,0
31,01/06/2021,26.1,53,417,345,1001,66,1001,34,10.4,2.4,0
27,02/06/2021,27.2,53,417,345,1002,73,1002,33,10.4,2.6,0
18,03/06/2021,26.3,53,417,345,1002,67,1002,33.8,9.2,2.6,0.5
71,04/06/2021,22.5,53,417,345,1005,70,1006,28.6,13.6,2.9,3.5
79,05/06/2021,23,53,418,345,1005,74,1006,28.3,5.6,1.5,0
64,06/06/2021,25.8,53,418,345,1003,82,1004,29.3,8.4,1.5,15
59,07/06/2021,25.7,53,418,345,1004,84,1004,28.7,6.4,1.5,8.5
87,08/06/2021,25.7,53,418,345,1005,91,1005,27.3,6.8,1.4,19.5
80,09/06/2021,25.9,53,418,345,1004,87,1004,28.3,7.6,1.1,9
54,10/06/2021,26.4,53,418,345,1002,86,1003,28.9,6,1.6,20
64,11/06/2021,25.7,53,418,345,1003,81,1003,29.4,8,1.9,11.5
72,12/06/2021,26,53,418,345,1001,89,1002,28,12.8,2.7,30.5
63,13/06/2021,25.3,53,418,345,1001,85,1001,28.3,14,3.8,4
52,14/06/2021,25.2,53,418,345,1001,75,1002,30.4,11.6,2.4,0
41,15/06/2021,24.2,53,418,345,1000,67,1000,31.2,10.8,2.6,0
43,16/06/2021,25.1,53,418,345,1001,67,1002,32.4,9.2,2.1,0
23,17/06/2021,25.5,53,418,345,1003,67,1003,32.7,8.8,2.6,0
21,18/06/2021,25.5,53,418,345,1003,66,1004,33,10,2.1,0
18,19/06/2021,25,53,418,345,1001,61,1001,33.9,10.4,2.1,0
31,20/06/2021,24.3,53,418,345,999,57,999,34.5,10,2.1,0
51,21/06/2021,24.6,53,418,345,999,58,1000,34.3,8.8,1.5,0
34,22/06/2021,27.5,53,418,345,1002,73,1002,33.2,8.8,1.4,4
61,23/06/2021,25.6,53,417,345,1003,81,1004,29.2,6.4,2.2,10.5
78,24/06/2021,26.5,53,417,344,1002,82,1003,29.9,7.2,1.6,0.5
72,25/06/2021,24.9,53,417,344,1002,79,1003,29,8,1.4,0
40,26/06/2021,25.2,53,417,344,1003,76,1004,30.1,10.4,1.9,0
41,27/06/2021,24.1,53,417,344,1002,61,1003,32.9,12,2.6,0
74,28/06/2021,24.1,53,417,344,1000,59,1000,33.4,11.2,2.5,0
76,29/06/2021,24.7,53,417,344,1000,68,1000,31.7,10.4,2.4,0
62,30/06/2021,25.2,53,417,344,1000,69,1001,31.9,11.2,2.3,0
39,01/07/2021,25.1,53,417,344,1001,67,1001,32.3,12.4,2.9,0
66,02/07/2021,24.7,53,417,344,1002,64,1002,32.7,11.2,2.2,0.5
45,03/07/2021,24.9,53,417,344,1002,63,1002,33.3,9.2,2.1,2
31,04/07/2021,25.9,53,417,344,1002,69,1003,32.8,9.2,2,0.5
50,05/07/2021,26.5,53,416,344,1004,79,1005,30.8,10,1.8,4.5
67,06/07/2021,26.2,53,416,344,1003,75,1004,31.5,9.6,1.9,2.5
73,07/07/2021,26.3,53,416,343,1004,86,1004,28.9,9.6,1.3,39
64,08/07/2021,25.3,53,416,343,1006,91,1006,27.1,12.8,1.4,18.5
38,09/07/2021,25.5,53,416,343,1008,81,1008,29.2,10.4,2,10
42,10/07/2021,25.2,53,416,343,1008,79,1009,29.5,8.8,1.7,1.5
44,11/07/2021,25.1,53,416,343,1009,76,1010,30,8.8,1.8,0
35,12/07/2021,25.4,53,415,343,1008,75,1009,30.5,11.2,2.2,0
29,13/07/2021,25.8,53,415,343,1006,77,1007,30.5,11.2,2.4,0
33,14/07/2021,25.8,53,415,343,1006,75,1006,30.8,11.2,2,0
43,15/07/2021,25.5,53,415,342,1007,74,1007,30.7,10.8,1.6,0
20,16/07/2021,25.4,53,415,342,1007,73,1008,31.1,9.2,1.6,0
21,17/07/2021,25.8,53,415,342,1004,75,1004,30.9,8.8,1.8,0
72,18/07/2021,26,53,414,342,1001,85,1002,28.9,6.8,1.8,11
51,19/07/2021,25.4,53,414,342,1001,79,1002,29.7,6.8,1.4,19
55,20/07/2021,26.3,53,414,342,1002,83,1002,29.6,6,1.2,12
73,21/07/2021,25.1,53,414,341,1001,81,1001,28.9,6,1.7,24
90,22/07/2021,26.4,52,414,341,999,89,1000,28.5,7.2,1,18.5
81,23/07/2021,25.8,52,413,341,998,96,998,26.5,10,1.6,120.5
59,24/07/2021,26.4,52,413,341,998,86,998,29,13.6,1.9,3.5
64,25/07/2021,26.6,52,413,340,999,87,1000,29.2,7.2,1.6,18
77,26/07/2021,26.2,52,413,340,999,81,999,30.1,6,1.1,15.5
51,27/07/2021,26.4,52,412,340,997,77,998,31.3,8,1.6,3.5
62,28/07/2021,27,52,412,340,997,80,997,31.1,6.8,1.6,0
56,29/07/2021,26.7,52,412,339,999,86,999,29.5,6.4,1.4,4
47,30/07/2021,26.4,52,411,339,1000,81,1000,30.1,7.2,1.4,3
44,31/07/2021,26.7,52,411,339,998,76,998,31.7,8,1.4,0
69,01/08/2021,25.5,52,411,339,999,88,999,27.7,10,1.6,15
43,02/08/2021,25.6,52,410,338,998,80,998,29.7,7.6,1.5,6
23,03/08/2021,26.7,52,410,338,999,77,999,31.5,7.6,2,13
40,04/08/2021,27.3,52,410,338,999,75,1000,32.3,6.4,1.8,0
52,05/08/2021,26.8,52,409,337,998,72,998,32.8,6.8,1.6,0
41,06/08/2021,25.7,52,409,337,999,66,999,33.2,6.8,1.5,0
32,07/08/2021,25.1,52,409,336,1000,61,1000,33.8,6.8,1.3,0
61,08/08/2021,26.8,52,408,336,1001,73,1001,32.3,6.8,1.1,0.5
76,09/08/2021,27.9,52,408,336,1001,85,1001,30.7,5.6,1,8
90,10/08/2021,25.6,52,407,335,1002,91,1002,27.2,7.2,1.1,17.5
79,11/08/2021,26.2,52,407,335,1004,85,1004,29.2,8.4,1.6,11.5
74,12/08/2021,25.7,52,407,334,1006,84,1006,28.8,8,1.1,0
71,13/08/2021,25.9,52,406,334,1002,79,1002,30,11.2,1.6,0
86,14/08/2021,25.2,52,406,333,1001,74,1001,30.3,9.6,1.7,0
87,15/08/2021,26,51,405,333,1005,82,1005,29.6,11.2,1.2,2
67,16/08/2021,25.7,51,405,332,1008,77,1009,30.3,8.8,1.5,0
40,17/08/2021,25.9,51,404,332,1008,76,1008,30.9,7.2,1.6,2
35,18/08/2021,25.3,51,404,331,1006,78,1006,29.7,6.4,1.7,0.5
42,19/08/2021,24.7,51,403,331,1006,75,1006,29.7,8.4,1.8,23.5
51,20/08/2021,26.4,51,402,330,1007,80,1008,30.2,7.6,2,3.5
21,21/08/2021,26.8,51,402,329,1007,79,1007,31,8.4,2.4,0.5
30,22/08/2021,27.4,51,401,329,1004,79,1004,31.7,10.4,1.8,0
54,23/08/2021,27.3,51,401,328,1003,77,1003,31.9,10.8,2,1
42,24/08/2021,26.5,51,400,327,1003,77,1004,31.2,8.8,1.5,2.5
25,25/08/2021,26.3,51,399,327,1005,76,1005,31.2,8.8,2.2,5
57,26/08/2021,25.9,51,398,326,1008,84,1008,29,8.4,1.3,13.5
64,27/08/2021,25.7,51,398,325,1009,86,1009,28.3,6.4,1.4,5
65,28/08/2021,24.8,51,397,325,1009,85,1009,27.7,6.4,1.2,9.5
39,29/08/2021,24.6,50,396,324,1009,82,1009,28.1,8,1,3.5
49,30/08/2021,25.4,50,395,323,1009,84,1010,28.5,5.6,1.4,5
34,31/08/2021,25.8,50,395,322,1009,85,1010,28.6,6.4,1.1,11.5
40,01/09/2021,25.6,50,394,321,1008,80,1008,29.7,5.6,1.3,7
48,02/09/2021,25.8,50,393,321,1007,87,1007,28.2,6.4,1,7
47,03/09/2021,25.5,50,392,320,1005,83,1005,28.9,6,1.3,3.5
52,04/09/2021,26.2,50,391,319,1005,83,1005,29.6,6.8,1.9,5
62,05/09/2021,25.5,50,390,318,1008,89,1008,27.5,6.4,1.1,15.5
50,06/09/2021,25.2,50,389,317,1010,82,1010,28.9,6,1.1,11.5
46,07/09/2021,25.4,49,389,316,1009,87,1009,27.8,8.8,1.5,17.5
77,08/09/2021,24.5,49,388,315,1008,93,1008,25.7,10.4,2.1,16.5
53,09/09/2021,25,49,387,314,1009,89,1009,27.2,7.6,1.5,28
30,10/09/2021,25,49,386,314,1008,79,1008,29.3,8.4,1.6,0
25,11/09/2021,25,49,386,313,1005,75,1005,29.9,6.8,1.4,1
29,12/09/2021,25.8,49,386,312,1002,75,1002,31.1,5.6,1.3,1
53,13/09/2021,26.3,49,385,311,1005,83,1005,29.6,8,1.6,27
61,14/09/2021,25,49,385,310,1009,93,1009,26.3,7.6,1.4,12
65,15/09/2021,25.1,49,384,309,1011,93,1011,26.4,7.2,1.4,12.5
76,16/09/2021,25.5,49,384,308,1010,89,1010,27.6,7.2,1.1,8
67,17/09/2021,25.3,48,383,307,1008,89,1009,27.3,7.2,1.5,7
33,18/09/2021,25.1,48,383,306,1009,82,1009,28.8,8.4,1.9,0.5
19,19/09/2021,24.7,48,382,305,1009,76,1009,29.7,7.6,1.5,0
54,20/09/2021,24.9,48,382,303,1009,85,1010,27.7,6.4,1.7,3
70,21/09/2021,24.4,48,381,302,1009,82,1009,28,6,1.4,4
65,22/09/2021,25.2,48,381,301,1009,89,1009,27.2,6.4,1.5,11.5
74,23/09/2021,25,48,380,300,1010,89,1011,27.2,7.2,1.5,18.5
79,24/09/2021,24.6,48,380,299,1010,95,1011,25.4,8,1.6,22.5
74,25/09/2021,24.5,48,379,298,1010,94,1010,25.5,8.8,1,24
58,26/09/2021,24.9,48,378,297,1011,91,1011,26.5,7.2,1.2,14.5
67,27/09/2021,24.4,48,378,295,1011,87,1011,26.9,6,1.1,5.5
32,28/09/2021,24.8,48,377,294,1009,81,1010,28.6,4.8,1,0
35,29/09/2021,25.1,47,377,293,1008,82,1008,28.8,5.6,1.1,0
32,30/09/2021,25.5,47,376,292,1008,81,1008,29.4,6.8,1.5,0
40,01/10/2021,25.2,47,375,290,1009,79,1010,29.5,7.2,1.6,0
48,02/10/2021,25.4,47,375,289,1010,81,1011,29.2,7.6,2.1,1
42,03/10/2021,24.4,47,374,288,1011,77,1011,29.2,7.6,2,0
63,04/10/2021,24.3,47,373,287,1011,86,1011,27,7.6,1.5,1
73,05/10/2021,25.3,47,372,285,1010,92,1011,26.6,10,1.1,9
68,06/10/2021,24.9,47,372,284,1007,91,1008,26.6,8.4,1.4,0.5
63,07/10/2021,24.5,47,371,283,1004,79,1004,29,11.2,1.4,0.5
42,08/10/2021,22.4,46,370,281,1003,66,1003,29.8,12.4,2.5,0
76,09/10/2021,22.7,46,369,280,1003,84,1003,25.8,12.8,2,30.5
79,10/10/2021,23.1,46,368,278,1001,96,1002,23.8,14.4,2.6,75.5
80,11/10/2021,23.3,46,368,277,1006,96,1007,24.1,13.2,2.7,108.5
69,12/10/2021,18.3,46,367,276,1008,68,1008,24.7,13.6,2.2,0
85,13/10/2021,19.1,46,366,274,1004,79,1004,23.2,19.6,2.8,15
83,14/10/2021,20.2,46,365,273,1004,90,1004,21.9,19.2,2.5,32.5
80,15/10/2021,20.3,46,364,271,1010,96,1010,21,10.4,2,17.5
91,16/10/2021,19.1,46,363,270,1015,90,1015,20.8,12.4,3.5,9
86,17/10/2021,16.4,45,362,269,1018,78,1018,20.5,14,3.5,0
82,18/10/2021,17.5,45,361,267,1018,92,1018,18.9,12.4,2.1,11
94,19/10/2021,20.3,45,360,266,1017,96,1017,21.1,8.8,1.2,4.5
55,20/10/2021,23.3,45,359,264,1014,86,1014,26.1,9.2,1.2,0
66,21/10/2021,21.1,45,358,263,1014,87,1015,23.4,12,1.4,7
95,22/10/2021,13.8,45,357,262,1020,67,1020,20.1,10.4,1.7,0
57,23/10/2021,14,45,356,260,1021,67,1021,20.5,8.8,1.6,0
42,24/10/2021,15.8,44,356,259,1019,71,1020,21.5,9.2,1.4,0
40,25/10/2021,17.6,44,355,257,1017,76,1017,22.4,6.8,1.3,0
56,26/10/2021,18.2,44,354,256,1015,75,1015,23.4,6.8,1,0
65,27/10/2021,19.2,44,353,255,1016,72,1016,24.8,7.2,1.6,0
81,28/10/2021,20.3,44,352,253,1016,92,1017,21.8,8.4,1.4,5.5
87,29/10/2021,21,44,351,252,1017,96,1017,21.6,10.4,1.6,15
83,30/10/2021,20,44,350,250,1017,96,1018,20.7,10,1.6,12
88,31/10/2021,19.5,43,349,249,1017,95,1017,20.3,8.4,1.2,4.5
98,01/11/2021,20.5,43,348,248,1017,94,1017,21.5,6.8,1.9,3
93,02/11/2021,21,43,347,246,1016,94,1017,22,7.2,1.6,1
83,03/11/2021,21.6,43,347,245,1015,88,1015,23.9,6.4,1.2,0
59,04/11/2021,22.2,43,346,244,1012,83,1013,25.5,7.6,1.2,0
51,05/11/2021,23.2,43,345,242,1010,84,1010,26.3,9.6,2.1,0
32,06/11/2021,23.6,43,344,241,1008,84,1008,26.7,10.4,2.2,0
49,07/11/2021,23.9,42,344,240,1011,85,1011,26.8,11.6,1.1,12.5
88,08/11/2021,14.6,42,343,238,1019,74,1019,19.6,13.6,2.9,0
27,09/11/2021,9.7,42,342,237,1020,56,1020,19,8,1.8,0
35,10/11/2021,10.3,42,342,236,1019,55,1019,20.1,8.8,1.7,0
84,11/11/2021,14.8,42,341,235,1017,69,1017,21.1,5.6,1.4,0
86,12/11/2021,15.8,42,340,234,1018,69,1019,21.9,8,1.6,0
54,13/11/2021,13.1,42,339,232,1018,61,1019,21.2,9.2,2.1,0
55,14/11/2021,15.6,42,339,231,1017,71,1018,21.2,6,1.7,0
75,15/11/2021,17.8,42,338,230,1015,79,1015,21.7,7.6,1.1,0
93,16/11/2021,19.1,42,338,229,1015,87,1015,21.3,8.4,1.3,2
91,17/11/2021,19.3,41,337,228,1016,87,1017,21.5,10.4,2.2,0.5
86,18/11/2021,14.6,41,336,227,1015,72,1015,19.8,8,2.3,0
83,19/11/2021,18.1,41,336,226,1010,83,1010,21.2,8,1.2,0
64,20/11/2021,21.7,41,335,225,1009,83,1009,24.9,11.2,1.9,1
55,21/11/2021,23,41,335,224,1011,84,1012,26.1,9.2,2,1
93,22/11/2021,16.5,41,334,223,1017,78,1017,20.6,13.2,2.6,3
97,23/11/2021,10.4,41,334,222,1021,62,1021,18,9.6,1.9,0
88,24/11/2021,10.5,41,333,221,1021,59,1021,18.8,8,2.1,0
74,25/11/2021,13.1,41,333,220,1019,71,1019,18.7,6.8,2.2,0
47,26/11/2021,15.1,41,332,219,1019,74,1019,20.1,7.2,1.2,0
66,27/11/2021,14.3,41,332,218,1019,66,1020,21.5,7.6,1.3,0
58,28/11/2021,14.7,41,331,217,1019,70,1019,20.7,6.4,1.6,0
57,29/11/2021,15.5,41,331,217,1018,68,1018,22.1,6,1.1,0
36,30/11/2021,14.3,41,331,216,1020,65,1020,21.6,11.2,2.1,0
21,01/12/2021,10.8,40,330,215,1021,60,1022,19.3,8.8,1.6,0
38,02/12/2021,9.2,40,330,214,1022,63,1022,17.3,7.6,1.5,0
15,03/12/2021,10.3,40,330,214,1022,67,1022,17.2,6.8,1.7,0
32,04/12/2021,10.9,40,330,213,1021,68,1022,17.7,6.4,1.6,0
3,05/12/2021,10.8,40,329,213,1021,65,1021,18.2,7.6,1.7,0
19,06/12/2021,11.1,40,329,212,1020,67,1021,18.1,6.8,2,0
5,07/12/2021,10.7,40,329,211,1020,66,1020,18,7.2,1.9,0
80,08/12/2021,13.5,40,329,211,1021,71,1021,19.2,6.4,2.2,0
98,09/12/2021,16.2,40,329,211,1021,78,1022,20.3,6.8,1.8,0
74,10/12/2021,17.1,40,328,210,1019,81,1020,20.7,7.2,1.7,0
58,11/12/2021,18.2,40,328,210,1020,85,1020,20.9,7.2,2.2,0
67,12/12/2021,17.3,40,328,209,1021,80,1021,21.2,9.6,1.8,0
73,13/12/2021,12.4,40,328,209,1021,67,1022,19,8.4,2.2,0
48,14/12/2021,14.4,40,328,209,1018,79,1018,18.4,5.6,1.9,0
49,15/12/2021,17.3,40,328,209,1014,84,1015,20.3,6.4,1.7,0
75,16/12/2021,19.4,40,328,208,1015,86,1015,22,4,1.8,0
72,17/12/2021,18,40,328,208,1018,76,1019,22.6,10,1.8,0
53,18/12/2021,12.1,40,328,208,1021,63,1022,19.4,9.6,2.3,0
50,19/12/2021,9.1,40,328,208,1021,57,1021,18.2,9.6,1.7,0
98,20/12/2021,10.8,40,328,208,1017,59,1017,19.2,7.2,1,0
89,21/12/2021,13.2,40,328,208,1017,71,1017,18.8,8.4,1.6,0
64,22/12/2021,15.2,40,329,208,1016,77,1017,19.5,5.2,1.7,0
31,23/12/2021,15.3,40,329,208,1015,78,1016,19.6,6,1.2,0
93,24/12/2021,18.1,40,329,208,1016,88,1016,20.3,4.8,1.1,0
86,25/12/2021,18.6,40,329,208,1018,86,1019,21.1,11.2,1.9,0
86,26/12/2021,15.8,40,329,209,1022,82,1022,19,10.8,2.2,5
95,27/12/2021,9.3,40,330,209,1026,79,1026,13,10,2.4,0
98,28/12/2021,10,40,330,209,1024,76,1024,14.1,7.2,1.9,0
99,29/12/2021,11.5,40,330,209,1023,76,1024,15.7,8,2,0
93,30/12/2021,12.2,40,330,210,1025,84,1025,15,8,1.9,0
91,31/12/2021,13.5,40,331,210,1024,88,1025,15.4,6.8,1.4,0
87,01/01/2022,13.5,40,331,210,1023,80,1024,17,7.6,2.5,0
95,02/01/2022,13.2,40,331,211,1022,77,1022,17.5,6.4,2.3,0
85,03/01/2022,14.9,40,332,211,1020,85,1020,17.5,6,2,0
78,04/01/2022,16.4,41,332,212,1017,82,1018,19.8,6.8,1.9,0
84,05/01/2022,18.2,41,332,212,1016,85,1016,21,5.6,1.5,0.5
72,06/01/2022,18.5,41,333,213,1017,85,1017,21.3,7.6,1.9,0
82,07/01/2022,17.9,41,333,213,1019,84,1019,20.8,12,2,0
83,08/01/2022,17.2,41,334,214,1018,81,1018,20.7,11.6,2.2,0
83,09/01/2022,14.6,41,334,215,1017,92,1017,15.9,7.6,1.7,0
77,10/01/2022,14.3,41,335,216,1016,95,1017,15.1,7.6,1.8,0
81,11/01/2022,11.1,41,335,216,1020,71,1021,16.6,7.6,1.7,0
89,12/01/2022,14,41,336,217,1019,82,1019,17.1,6.8,1.8,0
89,13/01/2022,14.3,41,336,218,1020,90,1021,16,7.2,1.6,0
89,14/01/2022,14.7,41,337,219,1018,84,1018,17.4,4,1.6,0
82,15/01/2022,17.8,41,337,220,1016,88,1017,20,7.6,1.9,0
76,16/01/2022,19.3,41,338,221,1017,86,1017,21.8,9.6,1.7,3.5
85,17/01/2022,13.1,41,338,222,1020,89,1021,15,10.4,2.5,0
63,18/01/2022,11.3,42,339,223,1021,72,1021,16.8,8.4,2,0
76,19/01/2022,12.5,42,340,224,1019,75,1019,17.4,6,1.9,0
92,20/01/2022,14.3,42,340,225,1016,86,1017,16.7,7.6,1.3,1
85,21/01/2022,16.2,42,341,226,1015,95,1015,16.9,8.4,1.4,10
91,22/01/2022,17.6,42,342,227,1011,93,1011,18.8,8.4,1.6,3
90,23/01/2022,19.8,42,342,228,1010,92,1010,21.2,4.4,1,0
93,24/01/2022,20.1,42,343,229,1012,92,1012,21.5,8.8,1.5,1
96,25/01/2022,18.3,42,344,230,1014,93,1014,19.5,8.8,2.5,0
97,26/01/2022,18.9,42,344,231,1014,92,1014,20.1,6.8,1.5,0
94,27/01/2022,19.9,42,345,232,1014,93,1014,21.2,9.6,1.8,0.5
74,28/01/2022,19.6,42,346,234,1013,87,1013,21.9,10,2.1,0
82,29/01/2022,16.3,43,347,235,1012,92,1013,17.7,9.6,2.4,3.5
86,30/01/2022,10.1,43,347,236,1016,85,1017,12.5,8.8,2.5,0.5
90,31/01/2022,9.3,43,348,237,1018,83,1018,12.3,10,2.4,1
92,01/02/2022,8.8,43,349,239,1019,76,1019,13,7.6,1.9,0
94,02/02/2022,9,43,350,240,1019,79,1020,12.6,8.4,2.4,0
92,03/02/2022,7.6,43,350,241,1020,67,1020,13.6,7.6,2.4,0
98,04/02/2022,9.5,43,351,243,1021,68,1022,15.6,8,1.8,0
93,05/02/2022,11.6,43,352,244,1022,78,1022,15.5,6.8,1.7,1
89,06/02/2022,12.3,43,353,246,1019,93,1019,13.4,6.4,1.6,9.5
87,07/02/2022,14.8,44,353,247,1015,92,1015,16.1,6.4,1.4,0
84,08/02/2022,16.4,44,354,248,1015,95,1016,17.2,7.6,1.6,0
84,09/02/2022,12.9,44,355,250,1018,92,1018,14.2,8.4,1.3,0
92,10/02/2022,13.5,44,356,251,1016,93,1016,14.7,5.2,1.7,0
89,11/02/2022,16,44,356,253,1015,93,1015,17.1,5.2,1.5,0
81,12/02/2022,16.5,44,357,254,1014,96,1014,17.2,7.6,1,0.5
86,13/02/2022,12.6,44,358,255,1014,90,1014,14.2,10.8,1.8,0
98,14/02/2022,10.6,44,359,257,1017,73,1018,15.5,7.6,2,0
96,15/02/2022,14.4,45,359,258,1016,86,1016,16.9,6.4,1.1,0
83,16/02/2022,16,45,360,260,1012,94,1013,16.9,6,1.1,0
93,17/02/2022,17.9,45,361,261,1009,94,1010,18.9,4.4,1.6,0
85,18/02/2022,19.6,45,362,263,1010,96,1010,20.2,7.6,2.4,4.5
81,19/02/2022,12.5,45,362,264,1015,94,1016,13.5,11.2,2.9,25
75,20/02/2022,7.2,45,363,266,1022,93,1022,8.3,10.4,2.1,23
86,21/02/2022,6.6,45,364,267,1023,76,1023,10.8,9.6,2.5,0
96,22/02/2022,6.4,45,365,269,1024,71,1024,11.7,10,2.3,0
70,23/02/2022,5.1,45,365,270,1026,60,1026,13,11.2,2.6,0
73,24/02/2022,8,46,366,271,1026,68,1026,14.1,8.4,1.4,0
41,25/02/2022,9,46,367,273,1024,72,1024,14.5,5.6,1.5,0
91,26/02/2022,12.4,46,367,274,1022,75,1022,17.1,6.4,1.9,0
93,27/02/2022,14.5,46,368,276,1019,75,1019,19.3,6.4,1.6,0
84,28/02/2022,15.7,46,369,277,1016,78,1016,20,7.6,1.4,0
94,01/03/2022,17.9,46,370,280,1016,84,1016,20.7,7.2,1,0
83,02/03/2022,18.6,46,370,282,1016,83,1017,21.8,7.2,1.6,0
69,03/03/2022,18.7,46,371,283,1014,86,1014,21.2,8.8,1.9,0
93,04/03/2022,19.5,46,372,284,1013,89,1013,21.4,8.8,1.7,0
93,05/03/2022,20.2,47,372,286,1011,92,1012,21.6,10.4,1.1,0
87,06/03/2022,20.9,47,373,287,1011,93,1012,22.1,9.2,1.4,0.5
80,07/03/2022,18.6,47,373,288,1017,84,1017,21.7,12.8,1.5,16
42,08/03/2022,14.6,47,374,290,1016,70,1016,20.8,9.2,1.8,0
65,09/03/2022,17,47,375,291,1014,84,1014,19.8,8.4,2,0
65,10/03/2022,18.2,47,375,292,1013,84,1014,21,7.6,2,0
75,11/03/2022,18.9,47,376,294,1012,82,1012,22.1,7.2,1.6,0
84,12/03/2022,19.4,47,376,295,1011,84,1011,22.3,8.8,1.7,0
69,13/03/2022,20.6,48,377,296,1011,89,1011,22.6,9.2,1.6,0
73,14/03/2022,20.5,48,378,298,1011,83,1011,23.7,8.8,1.7,0
89,15/03/2022,20.7,48,378,299,1010,78,1010,24.9,6.8,1.4,0
83,16/03/2022,21.4,48,379,300,1009,91,1009,23.1,9.6,1.5,2.5
83,17/03/2022,22,48,379,301,1008,91,1008,23.6,8,1.2,0
84,18/03/2022,22,48,380,302,1008,88,1008,24.2,7.2,1.3,0
91,19/03/2022,22.1,48,381,304,1007,89,1007,24.1,8.8,1.7,0
93,20/03/2022,23.3,48,381,305,1007,89,1007,25.2,10.4,2,0
70,21/03/2022,23.6,48,382,306,1008,88,1008,25.9,11.6,2.5,0
60,22/03/2022,24,49,382,307,1009,84,1009,27.1,9.2,1.6,2.5
82,23/03/2022,18.8,49,383,308,1013,92,1013,20.1,9.6,2.1,31.5
95,24/03/2022,18,49,384,309,1011,89,1011,19.9,5.6,1.2,0.5
72,25/03/2022,21.7,49,385,310,1007,87,1007,24.1,9.2,1.3,0
40,26/03/2022,23.6,49,386,312,1007,83,1007,27.1,8,2,0
90,27/03/2022,20,49,386,313,1012,82,1012,23.3,9.6,1.7,0
93,28/03/2022,15.8,49,388,314,1016,80,1017,19.3,8.8,0.9,3.5
92,29/03/2022,18,50,389,315,1014,87,1015,20.3,4.8,0.7,0
90,30/03/2022,20.8,50,390,316,1013,93,1013,22,6,0.8,1
97,31/03/2022,22,50,391,317,1014,91,1015,23.7,9.6,1.3,2.5
80,01/04/2022,16.7,50,392,318,1020,91,1020,18.3,12.4,2.5,20
94,02/04/2022,11.9,50,393,319,1024,68,1025,18.2,12,2.6,0
32,03/04/2022,10.7,50,393,320,1022,60,1022,19.3,7.6,1.8,0
54,04/04/2022,12.5,50,394,321,1021,60,1021,21.2,8.4,1.5,0
27,05/04/2022,15.6,50,395,322,1019,69,1020,21.8,6.8,1.1,0
28,06/04/2022,17.3,50,396,322,1017,70,1017,23.6,6.4,1.2,0
42,07/04/2022,17.3,51,397,323,1016,63,1016,25.5,8,1.3,0
32,08/04/2022,17.7,51,398,324,1014,68,1015,24.6,5.6,1.6,0
44,09/04/2022,19,51,399,325,1012,74,1012,24.4,8,1.7,0
53,10/04/2022,19.5,51,399,326,1010,77,1011,24.1,8.4,1.6,0
73,11/04/2022,20.8,51,400,327,1010,82,1010,24.2,8.8,1.9,0
97,12/04/2022,22.2,51,401,327,1007,85,1007,24.9,9.6,1.6,0
70,13/04/2022,22.6,51,402,328,1006,80,1007,26.5,5.6,1.6,0
77,14/04/2022,22.9,51,402,329,1007,81,1007,26.5,9.2,1.8,0
91,15/04/2022,24.1,51,403,330,1007,90,1008,25.9,11.6,1.9,0
93,16/04/2022,22.5,51,404,330,1009,93,1009,23.7,9.6,1.4,11
87,17/04/2022,17.5,51,404,331,1013,95,1014,18.3,9.6,2.2,1
87,18/04/2022,15.8,52,405,332,1017,83,1017,18.8,10,2.4,0.5
75,19/04/2022,15.9,52,405,332,1017,70,1017,21.9,8,1.5,0
84,20/04/2022,18.1,52,406,333,1014,78,1015,22.2,5.2,0.9,2
90,21/04/2022,20.3,52,406,334,1011,83,1012,23.4,7.6,1.5,1
81,22/04/2022,22,52,407,334,1009,85,1009,24.8,11.6,2.3,0
73,23/04/2022,23.8,52,407,335,1007,84,1008,26.7,8.8,1.7,0
76,24/04/2022,24.3,52,408,335,1005,88,1005,26.4,11.2,2.2,0
75,25/04/2022,24.5,52,408,336,1004,84,1004,27.7,11.6,2.3,0
80,26/04/2022,25,52,409,336,1003,85,1004,27.9,9.2,1.6,0
84,27/04/2022,25.2,52,409,337,1005,86,1006,27.7,8.4,1.8,0
83,28/04/2022,25.1,52,410,337,1007,88,1008,27.2,11.6,2,0
75,29/04/2022,24.7,52,410,338,1009,83,1009,27.9,11.6,2.1,0
45,30/04/2022,24.8,52,410,338,1009,82,1009,28.3,9.6,1.7,1
86,01/05/2022,17.8,52,411,338,1012,73,1012,23.2,13.2,2.9,13
79,02/05/2022,13.4,52,411,339,1015,56,1016,22.8,11.6,1.7,0
53,03/05/2022,14.8,52,412,339,1016,59,1016,24,7.6,1.6,0
35,04/05/2022,15.8,52,412,340,1014,59,1014,25,5.2,1.6,0
62,05/05/2022,19.3,52,412,340,1011,70,1012,25.5,7.6,1.3,0
70,06/05/2022,22.1,52,413,340,1010,78,1011,26.5,5.6,1.2,7
73,07/05/2022,23.9,52,413,341,1010,86,1011,26.5,6.8,1.9,2.5
89,08/05/2022,24,53,413,341,1010,89,1010,25.9,9.6,2,10
77,09/05/2022,24.5,53,413,341,1009,87,1009,26.8,10.8,2,1.5
76,10/05/2022,25.5,53,414,341,1006,87,1006,28,10.4,2.6,1
66,11/05/2022,25.6,53,414,342,1004,81,1004,29.4,9.2,1.5,2.5
85,12/05/2022,25.5,53,414,342,1003,85,1003,28.4,9.2,1.6,10
81,13/05/2022,25.2,53,414,342,1003,86,1004,27.9,7.2,1.7,23
93,14/05/2022,23.6,53,415,342,1006,88,1007,25.8,6.4,1.2,4.5
84,15/05/2022,23,53,415,343,1008,89,1009,25,10.4,1.3,8
81,16/05/2022,16.8,53,415,343,1013,68,1013,23,9.2,2.8,2
77,17/05/2022,18.3,53,415,343,1013,70,1013,24.3,6,1.3,0
59,18/05/2022,20.4,53,415,343,1012,76,1012,25,7.2,1.1,0
64,19/05/2022,22.7,53,416,343,1011,84,1011,25.8,7.2,1.3,0
61,20/05/2022,23.8,53,416,344,1008,85,1008,26.7,8,1.4,0
62,21/05/2022,23.7,53,416,344,1005,85,1006,26.5,11.2,1.7,15.5
79,22/05/2022,24.8,53,416,344,1001,91,1002,26.4,10.4,2,14
70,23/05/2022,24.9,53,416,344,1002,85,1002,27.8,9.6,2.2,26.5
88,24/05/2022,24.2,53,416,344,1006,94,1006,25.2,7.6,1.3,16.5
66,25/05/2022,24.7,53,417,344,1005,86,1005,27.3,6.4,1.3,3.5
77,26/05/2022,25.5,53,417,344,1002,83,1002,28.8,6.4,1.2,5.5
70,27/05/2022,26.5,53,417,344,1000,84,1000,29.5,6,1,5.5
55,28/05/2022,26.5,53,417,344,1000,82,1000,29.9,6.8,1.8,4
55,29/05/2022,26.5,53,417,344,1001,82,1001,29.8,7.2,1.5,6
79,30/05/2022,26.5,53,417,345,1003,86,1003,29.1,6.4,1.9,11
75,31/05/2022,25.1,53,417,345,1004,89,1005,27.1,6.4,1.5,11.5
74,01/06/2022,26.2,53,417,345,1004,82,1004,29.7,9.6,2.1,0.5
76,02/06/2022,26.1,53,417,345,1002,79,1002,30.4,9.6,2.4,0.5
67,03/06/2022,25.2,53,417,345,1001,77,1001,30,11.2,1.8,1.5
35,04/06/2022,24.5,53,417,345,1000,66,1001,31.9,10.8,2,0
21,05/06/2022,24.8,53,418,345,1000,67,1000,31.8,9.6,1.9,0
68,06/06/2022,25.3,53,418,345,1002,83,1002,28.5,8.4,1.2,4.5
81,07/06/2022,24.8,53,418,345,1003,85,1004,27.7,6,1.5,22.5
84,08/06/2022,25.7,53,418,345,1003,86,1003,28.4,6.8,1.4,7
58,09/06/2022,25.5,53,418,345,1002,80,1003,29.6,9.2,1.3,0
57,10/06/2022,25.8,53,418,345,1001,72,1001,31.7,10,1.1,0.5
76,11/06/2022,26.3,53,418,345,1003,79,1003,30.4,8,1.1,0
69,12/06/2022,26.4,53,418,345,1003,76,1004,31.4,7.6,1.7,0
59,13/06/2022,25.9,53,418,345,1003,76,1003,31,8.4,1.9,8.5
82,14/06/2022,24.9,53,418,345,1006,83,1006,28.1,5.6,1.4,11.5
79,15/06/2022,25.1,53,418,345,1007,84,1008,28.1,5.2,1,11.5
54,16/06/2022,25,53,418,345,1006,79,1006,29.1,10,2.2,0.5
45,17/06/2022,24.9,53,418,345,1003,72,1003,31,10,2.4,0
34,18/06/2022,24.2,53,418,345,1001,64,1001,32,11.2,1.6,0
41,19/06/2022,23.7,53,418,345,1000,60,1000,32.9,10.8,2.1,0
26,20/06/2022,24.2,53,418,345,999,62,999,32.8,10.8,2.1,0
27,21/06/2022,24.6,53,418,345,1000,65,1000,32.3,11.6,2.5,0
18,22/06/2022,25.8,53,418,345,1004,72,1004,31.5,11.6,2.7,0
37,23/06/2022,26.4,53,417,345,1007,79,1007,30.6,10.8,1.8,0
20,24/06/2022,25.6,53,417,344,1006,76,1007,30.4,9.6,2.6,0.5
23,25/06/2022,24.8,53,417,344,1005,73,1006,30.4,9.2,2.5,0.5
36,26/06/2022,25.7,53,417,344,1006,75,1006,30.8,10.4,1.9,0
21,27/06/2022,25.9,53,417,344,1004,72,1005,31.7,10.4,2,0
25,28/06/2022,25.8,53,417,344,1001,68,1002,32.9,8.8,2.1,0
43,29/06/2022,25.9,53,417,344,1000,76,1000,30.9,8.4,1.4,3.5
65,30/06/2022,25.9,53,417,344,1001,86,1001,28.6,6.8,1.2,21.5
66,01/07/2022,26.4,53,417,344,1000,85,1001,29.2,6.4,1.1,17.5
45,02/07/2022,25.3,53,417,344,997,71,997,31.5,11.2,2.2,7
52,03/07/2022,26.2,53,417,344,997,73,998,31.8,6.8,2.2,15
37,04/07/2022,27.3,53,417,344,997,73,998,33,7.2,1.8,0
43,05/07/2022,26.3,53,416,344,1000,74,1000,31.8,7.6,2.3,3
80,06/07/2022,25.7,53,416,344,1003,84,1003,28.8,8.4,1.5,3
84,07/07/2022,25.1,53,416,343,1003,82,1003,28.5,7.6,1.9,8.5
58,08/07/2022,26.2,53,416,343,1004,87,1004,28.6,5.2,1.4,6
60,09/07/2022,25.7,53,416,343,1004,89,1004,27.8,7.2,1.3,8.5
64,10/07/2022,25.9,53,416,343,1004,83,1005,29.2,7.6,1.2,10.5
57,11/07/2022,26.9,53,416,343,1004,88,1005,29.2,9.2,2,13
52,12/07/2022,26.2,53,415,343,1004,81,1004,30,7.6,1.7,3
53,13/07/2022,26.9,53,415,343,1003,90,1004,28.8,6.4,1.4,7
71,14/07/2022,26.4,53,415,343,1003,88,1004,28.5,8.4,1.1,17
60,15/07/2022,26.5,53,415,342,1004,87,1005,28.9,6.8,1.9,5.5
36,16/07/2022,27.1,53,415,342,1004,82,1004,30.7,8.8,1.5,0
44,17/07/2022,27.7,53,415,342,1003,79,1003,32,8.8,2,0
21,18/07/2022,27.1,53,414,342,1000,73,1000,33,9.2,1.6,0
52,19/07/2022,26.9,53,414,342,1002,80,1002,31,9.6,1.6,2
57,20/07/2022,26.9,53,414,342,1005,81,1006,30.7,8.8,1.8,12
58,21/07/2022,26.5,53,414,341,1008,86,1008,29,11.2,1.7,14.5
62,22/07/2022,25.4,52,414,341,1010,86,1010,28,8.8,1.9,4
46,23/07/2022,26,52,413,341,1009,83,1009,29.4,8.4,1.1,0
21,24/07/2022,25.8,52,413,341,1007,77,1007,30.6,7.6,1.5,0
17,25/07/2022,25.5,52,413,340,1007,77,1008,30.3,7.6,1.6,0
14,26/07/2022,25.4,52,413,340,1007,74,1007,30.8,8.4,1.7,0
25,27/07/2022,25.2,52,412,340,1006,74,1006,30.6,8.4,1.2,0
55,28/07/2022,25.6,52,412,340,1006,75,1006,30.7,7.6,1.1,0
50,29/07/2022,26,52,412,339,1005,76,1005,30.8,7.2,1.5,0
44,30/07/2022,25.9,52,411,339,1003,76,1004,30.8,5.6,1.3,15.5
77,31/07/2022,25.4,52,411,339,1003,82,1003,28.9,6.4,1.5,24
43,01/08/2022,26,52,411,339,1004,85,1004,28.8,8.8,1.3,12
38,02/08/2022,26,52,410,338,1006,80,1006,30,8,1.1,1.5
49,03/08/2022,26.2,52,410,338,1005,75,1006,31.4,6.4,1.4,0
80,04/08/2022,25.7,52,410,338,1003,78,1004,30.2,5.2,1.5,0.5
82,05/08/2022,25.5,52,409,337,1003,86,1003,28.1,6,1.1,31
83,06/08/2022,25.2,52,409,337,1004,93,1004,26.4,4.8,1,25.5
84,07/08/2022,26.1,52,409,336,1005,94,1005,27.3,4.8,1,16.5
72,08/08/2022,25.1,52,408,336,1004,84,1005,28.3,8.4,1.5,12
51,09/08/2022,24.9,52,408,336,1003,79,1003,29.3,7.2,1.4,17
77,10/08/2022,25.3,52,407,335,1000,81,1000,29,10.4,2,11.5
77,11/08/2022,25,52,407,335,1001,86,1001,27.6,10.8,2.1,61.5
78,12/08/2022,24.4,52,407,334,1006,93,1006,25.6,5.6,1.3,29
89,13/08/2022,25.2,52,406,334,1006,88,1006,27.4,5.2,0.7,3.5
82,14/08/2022,25.8,52,406,333,1006,87,1006,28.4,6.4,1.5,3
33,15/08/2022,25.7,51,405,333,1004,83,1005,28.9,6.4,1,0
35,16/08/2022,26.3,51,405,332,1004,80,1004,30.3,7.2,1.5,4
82,17/08/2022,26.6,51,404,332,1004,84,1004,29.6,6,1.4,0
82,18/08/2022,26.4,51,404,331,1003,80,1004,30.3,6.4,1.2,3
52,19/08/2022,26.2,51,403,331,1002,79,1003,30.5,6,1.4,9
83,20/08/2022,25.7,51,402,330,1002,91,1002,27.4,9.2,1.8,46
58,21/08/2022,25.9,51,402,329,1002,90,1002,27.8,8.4,1.5,15
51,22/08/2022,25.7,51,401,329,1004,77,1005,30.3,7.6,1.5,3.5
50,23/08/2022,26.7,51,401,328,1005,85,1006,29.6,6,1.3,2
46,24/08/2022,26.8,51,400,327,1003,80,1003,30.9,8.8,1.3,8.5
84,25/08/2022,25.6,51,399,327,1000,90,1000,27.5,10.8,1.5,40.5
72,26/08/2022,25.6,51,398,326,1003,81,1003,29.4,12,2.3,53
68,27/08/2022,24.8,51,398,325,1007,73,1007,30.3,9.6,2.2,0
30,28/08/2022,26.4,51,397,325,1007,79,1008,30.6,9.2,1.8,0
24,29/08/2022,26,50,396,324,1009,78,1009,30.6,8.8,1.7,0
46,30/08/2022,25.3,50,395,323,1008,73,1009,30.9,6.8,1.4,0
46,31/08/2022,25.9,50,395,322,1006,75,1007,31.1,5.6,1.3,0.5
69,01/09/2022,26.2,50,394,321,1008,83,1008,29.4,7.2,1.3,7.5
69,02/09/2022,25.3,50,393,321,1008,78,1008,29.8,6.8,1.2,1.5
50,03/09/2022,25.4,50,392,320,1005,75,1006,30.7,5.2,1.5,1.5
59,04/09/2022,25.1,50,391,319,1006,80,1007,29,7.2,1.5,11.5
61,05/09/2022,22.2,50,390,318,1007,66,1007,29.6,8,2,0
48,06/09/2022,22.8,50,389,317,1008,65,1008,30.6,6.8,1.4,0
72,07/09/2022,24.4,49,389,316,1010,77,1011,29,10.8,1.3,6.5
84,08/09/2022,25.2,49,388,315,1011,93,1012,26.5,8,1.8,42
76,09/09/2022,24.8,49,387,314,1013,97,1013,25.4,6.4,1.3,30.5
63,10/09/2022,24.7,49,386,314,1012,85,1012,27.5,4.8,1.2,15
28,11/09/2022,24.2,49,386,313,1010,78,1010,28.6,6,1,3
58,12/09/2022,24,49,386,312,1009,75,1009,29.3,6.8,1.3,0.5
35,13/09/2022,24.4,49,385,311,1009,74,1009,29.7,4.8,1.3,0
27,14/09/2022,24.5,49,385,310,1008,73,1009,30.2,4.8,1.4,0
52,15/09/2022,25.3,49,384,309,1006,75,1006,30.4,6.8,1.6,1.5
45,16/09/2022,25.4,49,384,308,1004,79,1004,29.4,4.4,1.7,18.5
75,17/09/2022,24.9,48,383,307,1006,87,1006,27.2,6.8,1.1,26.5
28,18/09/2022,25.4,48,383,306,1006,82,1007,29.1,4.8,1.6,0
31,19/09/2022,26.1,48,382,305,1006,80,1006,30.2,5.2,1.4,0
75,20/09/2022,25.8,48,382,303,1006,83,1007,29.1,8,1.3,2
62,21/09/2022,24.8,48,381,302,1008,83,1008,27.9,8.4,1.3,24
74,22/09/2022,24.5,48,381,301,1009,93,1009,25.7,8,1.2,15
75,23/09/2022,24.5,48,380,300,1010,86,1010,27.2,10,1.6,10
86,24/09/2022,23.9,48,380,299,1009,87,1010,26.2,10.8,1.8,13
71,25/09/2022,23.9,48,379,298,1010,90,1010,25.7,10,1.4,8.5
32,26/09/2022,24.3,48,378,297,1009,81,1010,28,8,1.8,0.5
48,27/09/2022,23.7,48,378,295,1007,78,1008,28.3,10.4,2.2,1
89,28/09/2022,22.5,48,377,294,1006,89,1007,24.4,12.4,4.2,21.5
87,29/09/2022,24.3,47,377,293,1006,95,1006,25.2,11.2,3.7,34
83,30/09/2022,23.1,47,376,292,1008,92,1008,24.5,8,2.5,20.5
89,01/10/2022,23.1,47,375,290,1009,92,1010,24.5,6.4,1.9,26
74,02/10/2022,22.9,47,375,289,1011,91,1011,24.5,6,1.2,23
12,03/10/2022,23.7,47,374,288,1012,87,1012,26.1,6.8,2.8,4.5
53,04/10/2022,24.6,47,373,287,1013,84,1013,27.8,7.2,1.9,5
53,05/10/2022,24.6,47,372,285,1013,82,1013,28.1,6.8,1.2,4
68,06/10/2022,24.7,47,372,284,1013,90,1013,26.5,6.8,1.4,4
74,07/10/2022,23.8,47,371,283,1013,86,1014,26.3,9.1,1.4,11.5
84,08/10/2022,24.1,46,370,281,1014,93,1014,25.4,8.3,1.5,10.5
76,09/10/2022,22.4,46,369,280,1016,88,1016,24.7,13.7,1.7,13.5
89,10/10/2022,15.6,46,368,278,1019,64,1020,23,14.5,3.1,0
30,11/10/2022,15.8,46,368,277,1017,62,1017,24.2,5.6,1.4,0
17,12/10/2022,16,46,367,276,1015,62,1016,24.5,6.9,1.1,0
52,13/10/2022,16.4,46,366,274,1014,63,1014,24.7,5.5,1.2,0
56,14/10/2022,15.3,46,365,273,1012,56,1012,25.4,10,1.3,0
58,15/10/2022,14.3,46,364,271,1012,51,1012,25.9,11.4,1.8,0
17,16/10/2022,16,46,363,270,1013,58,1014,25.7,12.8,2.2,0
46,17/10/2022,15.3,45,362,269,1013,52,1013,26.4,14.9,2.5,0
40,18/10/2022,13.4,45,361,267,1014,51,1014,24.8,14.8,3.7,0
78,19/10/2022,13.8,45,360,266,1016,68,1016,20.1,11.9,3,9.5
88,20/10/2022,15.6,45,359,264,1017,90,1017,17.2,13,2.1,26
89,21/10/2022,18.2,45,358,263,1017,89,1018,20.1,10.8,2.7,12
63,22/10/2022,21.1,45,357,262,1016,79,1016,25.4,9.9,1.6,0
22,23/10/2022,21.8,45,356,260,1014,74,1015,27.3,5.9,1.5,0
38,24/10/2022,21,44,356,259,1014,70,1014,27.3,8.5,1.4,0
92,25/10/2022,21.7,44,355,257,1016,83,1016,24.8,8.3,1.2,2
94,26/10/2022,22.8,44,354,256,1015,91,1015,24.4,7.2,1.1,3
68,27/10/2022,22.4,44,353,255,1014,83,1015,25.7,7.1,1.6,1
40,28/10/2022,21.3,44,352,253,1015,78,1015,25.6,5.5,2,0
38,29/10/2022,21,44,351,252,1014,76,1015,25.7,7,1.5,0
34,30/10/2022,20.4,44,350,250,1013,73,1013,25.9,7.5,1.6,0
19,31/10/2022,16.6,43,349,249,1014,60,1014,25.2,13.5,2.2,0
21,01/11/2022,13.6,43,348,248,1013,52,1013,24.5,15,2.1,0
20,02/11/2022,14.5,43,347,246,1011,61,1012,23.3,6.9,1.9,0
34,03/11/2022,16.7,43,347,245,1013,68,1013,23.7,4.8,1.3,0
57,04/11/2022,18.6,43,346,244,1016,71,1016,24.6,6.8,1.6,0
18,05/11/2022,18.2,43,345,242,1018,71,1018,24.4,8.9,1.6,0
19,06/11/2022,18.4,43,344,241,1017,73,1017,24,6.8,1.3,0
65,07/11/2022,19.4,42,344,240,1016,77,1016,24,5.9,1.4,0
24,08/11/2022,19.7,42,343,238,1016,79,1017,24.1,6.1,2.1,0
52,09/11/2022,20.9,42,342,237,1016,80,1016,24.8,6.4,1.4,0
74,10/11/2022,21.9,42,342,236,1015,87,1016,24.1,5.7,1.1,2
74,11/11/2022,23,42,341,235,1015,91,1015,24.6,6.4,1.1,1
43,12/11/2022,22.1,42,340,234,1014,82,1014,25.6,7.1,1.3,0
64,13/11/2022,22.7,42,339,232,1014,93,1014,23.9,6,1.1,1.5
69,14/11/2022,22.6,42,339,231,1014,87,1015,25.1,6.1,1.3,0.5
73,15/11/2022,23.4,42,338,230,1013,89,1013,25.5,7.1,1.5,1
61,16/11/2022,23.3,42,338,229,1012,83,1012,26.6,6.4,1.4,0
56,17/11/2022,23.8,41,337,228,1011,84,1012,26.8,6,1.8,0
62,18/11/2022,24.1,41,336,227,1013,86,1013,26.8,5.8,2.3,0
57,19/11/2022,23.1,41,336,226,1013,83,1013,26.3,7.3,1.8,0
69,20/11/2022,21.8,41,335,225,1012,79,1013,25.8,6.3,1.5,0
76,21/11/2022,21.5,41,335,224,1011,82,1011,24.8,7,1.7,0
96,22/11/2022,22.5,41,334,223,1011,88,1011,24.6,6.7,1.6,3
79,23/11/2022,23.4,41,334,222,1011,88,1012,25.6,6.3,1.3,1
84,24/11/2022,22.5,41,333,221,1013,96,1013,23.2,7.5,1.2,11
81,25/11/2022,22.5,41,333,220,1014,96,1014,23.3,6.2,1.6,30.5
79,26/11/2022,23.6,41,332,219,1012,95,1012,24.6,6.8,1.7,95
49,27/11/2022,24,41,332,218,1009,86,1009,26.7,11,1.5,0
57,28/11/2022,24.8,41,331,217,1008,86,1009,27.6,10.4,1.6,0
71,29/11/2022,25.1,41,331,217,1010,87,1010,27.5,9.6,1.6,0
62,30/11/2022,23.2,41,331,216,1013,82,1014,26.6,10.3,2.5,6
85,01/12/2022,14.2,40,330,215,1019,89,1019,16,7.6,2.2,0
92,02/12/2022,10.1,40,330,214,1020,73,1020,15,7.3,2.8,0
98,03/12/2022,13,40,330,214,1017,74,1017,17.8,5,1.5,0
98,04/12/2022,15,40,330,213,1018,82,1018,18.2,4.8,1.4,0
88,05/12/2022,11.7,40,329,213,1021,73,1021,16.6,9.1,2.6,0
93,06/12/2022,11.4,40,329,212,1019,71,1019,16.8,5.9,1.2,0
100,07/12/2022,12.7,40,329,211,1018,72,1018,17.9,7.6,1.7,0
97,08/12/2022,14.1,40,329,211,1017,79,1018,17.8,4.7,1.8,0
87,09/12/2022,13.9,40,329,211,1016,80,1016,17.4,4.4,1.7,0
97,10/12/2022,14.8,40,328,210,1016,90,1016,16.4,4.9,1.6,0
95,11/12/2022,13.7,40,328,210,1017,78,1018,17.8,3.9,1,0
63,12/12/2022,11.5,40,328,209,1019,66,1019,18.3,5.5,1.6,0
40,13/12/2022,10.9,40,328,209,1019,70,1020,16.9,5.6,1,0
59,14/12/2022,8.7,40,328,209,1021,60,1021,17.2,6.7,1.8,0
2,15/12/2022,10.8,40,328,209,1016,68,1017,17.3,6,1.3,0
64,16/12/2022,12.9,40,328,208,1016,70,1017,19,5.3,1.3,0
97,17/12/2022,6.6,40,328,208,1025,47,1025,18.5,12.2,2.5,0
44,18/12/2022,2.8,40,328,208,1026,45,1026,15.6,11.1,2.2,0
2,19/12/2022,6,40,328,208,1020,60,1020,14.6,5.9,1.3,0
28,20/12/2022,11.6,40,328,208,1016,72,1017,17.2,6.5,1.5,0
48,21/12/2022,8.5,40,328,208,1018,54,1018,18.7,9.3,1.9,0
35,22/12/2022,11.2,40,329,208,1016,66,1017,17.9,7.3,1.4,0
62,23/12/2022,11.3,40,329,208,1017,62,1018,19,7.2,1.4,0
44,24/12/2022,10.3,40,329,208,1020,60,1020,18.8,7.3,1.3,0
22,25/12/2022,13.3,40,329,208,1020,77,1020,17.8,6.4,1.7,0
40,26/12/2022,15.6,40,329,209,1020,83,1020,18.5,6.8,1.7,0.5
85,27/12/2022,15.8,40,330,209,1019,79,1020,19.7,8.4,2.1,0
84,28/12/2022,13.6,40,330,209,1021,85,1021,16.1,9.3,1.8,0
98,29/12/2022,7.8,40,330,209,1025,68,1025,13.6,7.9,2.4,0
78,30/12/2022,7.3,40,330,210,1026,63,1026,14.3,7.1,3.1,0
88,31/12/2022,9,40,331,210,1025,67,1025,15.2,5.8,1.7,0
49,01/01/2023,10.6,40,331,210,1023,72,1024,15.9,4.9,1.9,0
89,02/01/2023,14,40,331,211,1024,84,1024,16.8,3.3,1.3,0
88,03/01/2023,13.8,40,332,211,1024,90,1025,15.6,2.8,1.4,0
95,04/01/2023,14.6,41,332,212,1022,81,1022,17.9,5.6,1.1,0
92,05/01/2023,15.7,41,332,212,1022,82,1023,18.9,5,1,0
97,06/01/2023,12.9,41,333,213,1024,67,1024,19.5,9.1,2,0
90,07/01/2023,10.8,41,333,213,1020,63,1021,18.3,9,1.2,0
94,08/01/2023,14.4,41,334,214,1019,75,1019,19,4.7,1.4,0
92,09/01/2023,16.9,41,334,215,1018,84,1019,19.8,4.5,1.9,2
96,10/01/2023,18.1,41,335,216,1017,96,1018,18.7,4.2,1,0.5
82,11/01/2023,18.2,41,335,216,1015,95,1015,19,4.5,0.8,0
93,12/01/2023,18.4,41,336,217,1012,91,1012,19.9,7,1.2,3.5
53,13/01/2023,19.9,41,336,218,1008,88,1009,22.2,10.6,1.6,0
59,14/01/2023,19.6,41,337,219,1006,83,1006,23,11.2,1.1,0
92,15/01/2023,17,41,337,220,1012,85,1013,19.6,10,2.1,0
98,16/01/2023,6.9,41,338,221,1021,66,1021,13.3,7,1.9,0
97,17/01/2023,7,41,338,222,1023,68,1024,12.8,4.5,1.6,0
100,18/01/2023,6.3,42,339,223,1024,60,1025,14,5.5,1.2,0
100,19/01/2023,9.7,42,340,224,1023,68,1023,15.5,4.8,0.9,0
80,20/01/2023,9.3,42,340,225,1021,68,1022,15.3,4.8,1.6,0
23,21/01/2023,12,42,341,226,1017,76,1018,16.6,6,1.3,0
89,22/01/2023,16.4,42,342,227,1014,86,1015,18.9,6,1.3,0
84,23/01/2023,17.9,42,342,228,1015,86,1015,20.4,6.7,1.7,0
73,24/01/2023,7,42,343,229,1024,57,1025,15.9,13.1,2.6,0
62,25/01/2023,7.7,42,344,230,1021,66,1021,14.1,6.7,1.4,0
93,26/01/2023,13.4,42,344,231,1016,81,1016,16.9,6.5,1.2,0
90,27/01/2023,8.9,42,345,232,1023,70,1023,14.7,10.7,2.3,0
58,28/01/2023,4.4,42,346,234,1024,53,1024,14.4,6.9,1.8,0
16,29/01/2023,5.1,43,347,235,1024,60,1024,14,5.5,1.3,0
0,30/01/2023,7.8,43,347,236,1021,67,1021,14.6,6.7,1.2,0
9,31/01/2023,10.7,43,348,237,1015,74,1015,16,6.8,1.6,0
69,01/02/2023,15.8,43,349,239,1012,86,1013,18.2,6.4,1.1,0
90,02/02/2023,19,43,350,240,1015,91,1015,20.5,6.9,1.2,0.5
77,03/02/2023,19.3,43,350,241,1015,96,1015,19.9,9,1.4,1.5
84,04/02/2023,19,43,351,243,1013,96,1013,19.7,8.6,1.5,0
86,05/02/2023,18.9,43,352,244,1012,96,1012,19.6,8.5,1.4,0
87,06/02/2023,18.7,43,353,246,1011,96,1011,19.5,8.7,1.6,0
81,07/02/2023,19.5,44,353,247,1012,94,1012,20.5,8.9,2.1,0
82,08/02/2023,19.9,44,354,248,1012,96,1012,20.5,10,1.6,0
88,09/02/2023,21,44,355,250,1012,96,1012,21.7,9.8,2.1,0
90,10/02/2023,21,44,356,251,1011,94,1012,22,10.1,1.6,0
94,11/02/2023,21.7,44,356,253,1009,95,1009,22.5,13.4,2.4,0
92,12/02/2023,22,44,357,254,1008,94,1008,23,12.8,2.8,0
87,13/02/2023,21.8,44,358,255,1010,90,1010,23.6,11.1,1.3,0
86,14/02/2023,14.8,44,359,257,1017,81,1017,18.2,7.2,1.6,2
90,15/02/2023,11,45,359,258,1022,71,1022,16.4,6,1.3,0
100,16/02/2023,12.4,45,360,260,1023,78,1023,16.3,7.2,1.3,0
100,17/02/2023,14.8,45,361,261,1020,84,1020,17.6,5.1,1.5,0
73,18/02/2023,17.1,45,362,263,1016,86,1017,19.7,6.9,1.9,0.5
92,19/02/2023,18.2,45,362,264,1018,84,1018,21,6.2,1.2,1
86,20/02/2023,15,45,363,266,1018,71,1018,20.5,7,1.6,0
81,21/02/2023,16,45,364,267,1019,76,1020,20.7,9.9,2,0
71,22/02/2023,15.9,45,365,269,1019,76,1019,20.3,9.1,2.4,0
57,23/02/2023,16.7,45,365,270,1016,81,1017,20.2,5.9,1.6,0
93,24/02/2023,15.9,46,366,271,1019,82,1020,19.1,7.8,1.4,0
51,25/02/2023,10.6,46,367,273,1025,59,1026,18.9,9,2.5,0
14,26/02/2023,11.1,46,367,274,1028,68,1028,17.5,7,1.4,0
29,27/02/2023,11.6,46,368,276,1025,70,1025,17.5,6.8,1.8,0
73,28/02/2023,15.1,46,369,277,1022,80,1022,18.8,6.1,1.3,0
97,01/03/2023,16.9,46,370,280,1021,85,1021,19.5,4.5,1.4,0
75,02/03/2023,16.4,46,370,282,1022,73,1022,21.6,5.4,1.8,0
84,03/03/2023,17.4,46,371,283,1022,83,1022,20.3,7.7,2.5,2.5
98,04/03/2023,16.6,46,372,284,1024,80,1024,20.3,5.6,1.2,0
85,05/03/2023,16,47,372,286,1022,76,1022,20.7,6.6,1.5,0
65,06/03/2023,17.5,47,373,287,1019,82,1019,20.7,7.3,1.6,0
77,07/03/2023,17.7,47,373,288,1018,79,1018,21.6,6.9,1.9,0
80,08/03/2023,18.7,47,374,290,1018,85,1018,21.4,6.5,1.9,0
77,09/03/2023,19.3,47,375,291,1017,80,1018,23.1,6,1.5,0
34,10/03/2023,19.1,47,375,292,1014,82,1015,22.5,8,1.6,0
83,11/03/2023,19.8,47,376,294,1016,84,1016,22.6,8.3,1.9,0
72,12/03/2023,19.8,47,376,295,1018,81,1018,23.3,9.9,1.1,3
84,13/03/2023,13.1,48,377,296,1020,69,1021,19,9.3,2,0
61,14/03/2023,14.9,48,378,298,1014,71,1014,20.6,9,1.8,0
74,15/03/2023,19.5,48,378,299,1014,87,1014,21.8,8.4,1.5,1
73,16/03/2023,20.1,48,379,300,1015,84,1016,23.1,7.8,2,0
85,17/03/2023,20.8,48,379,301,1014,84,1014,23.7,8.5,1.8,0
86,18/03/2023,20.5,48,380,302,1013,85,1013,23.3,8.3,2.2,0
84,19/03/2023,20.9,48,381,304,1011,83,1011,24,7.6,1.8,0
92,20/03/2023,22.3,48,381,305,1008,89,1008,24.4,11.2,2.1,0
71,21/03/2023,23.4,48,382,306,1005,90,1005,25.2,13.5,2,0
50,22/03/2023,23.3,49,382,307,1003,82,1003,26.9,13.8,1.7,0
45,23/03/2023,23.5,49,383,308,1003,82,1003,27,14.9,1.7,0
70,24/03/2023,23.7,49,384,309,1005,85,1006,26.5,12.5,1.9,0
90,25/03/2023,22.8,49,385,310,1009,90,1009,24.5,8.7,2.4,0
82,26/03/2023,18.8,49,386,312,1011,94,1011,19.8,8.9,1.5,0
83,27/03/2023,16.5,49,386,313,1014,94,1014,17.4,9.1,1.9,0
82,28/03/2023,16.1,49,388,314,1016,90,1016,17.9,7.1,1.4,0
83,29/03/2023,17.2,50,389,315,1014,87,1014,19.6,7.4,1.2,0
88,30/03/2023,18.1,50,390,316,1012,94,1012,19,6.6,1.4,0
92,31/03/2023,19.4,50,391,317,1011,93,1011,20.7,7.2,1.2,0
80,01/04/2023,20.9,50,392,318,1009,96,1010,21.5,8.4,1,0.5
84,02/04/2023,23,50,393,319,1006,96,1007,23.6,11.3,1.4,0
79,03/04/2023,23.4,50,393,320,1005,88,1005,25.7,11.9,1.9,0
78,04/04/2023,23.8,50,394,321,1004,88,1004,26,13.5,2,0
84,05/04/2023,23.9,50,395,322,1005,89,1005,26.1,10.5,2,0
91,06/04/2023,23.8,50,396,322,1008,88,1008,26,8.1,2.2,0
99,07/04/2023,18.3,51,397,323,1013,77,1014,22.5,7.3,1.3,0
74,08/04/2023,18.3,51,398,324,1018,96,1018,19,6.4,1.5,2.5
78,09/04/2023,17.7,51,399,325,1016,95,1017,18.6,7.4,1,0
86,10/04/2023,20.2,51,399,326,1011,94,1011,21.2,6.9,1.2,0
79,11/04/2023,22.4,51,400,327,1009,97,1009,22.9,10.1,1.2,0
91,12/04/2023,23.1,51,401,327,1009,95,1010,24,9.4,1.7,0
84,13/04/2023,23.3,51,402,328,1008,96,1009,23.9,9.9,1.5,1.5
83,14/04/2023,23.9,51,402,329,1008,97,1008,24.4,9.6,1.5,0
91,15/04/2023,23.7,51,403,330,1010,96,1011,24.4,4.9,0.9,13.5
79,16/04/2023,21.5,51,404,330,1009,83,1009,24.8,8,1,0
95,17/04/2023,23.6,51,404,331,1007,89,1007,25.6,10.5,2,0
98,18/04/2023,25,52,405,332,1004,90,1005,26.9,11.6,1.6,0
100,19/04/2023,24.7,52,405,332,1001,87,1002,27.1,7,1.5,0
87,20/04/2023,24.2,52,406,333,1001,85,1001,27,10.5,1.1,0
72,21/04/2023,25.1,52,406,334,1001,87,1002,27.6,11,1.5,0
68,22/04/2023,25,52,407,334,1004,84,1004,28.2,13.5,1.8,0
77,23/04/2023,25.1,52,407,335,1008,84,1008,28.1,13.4,2,0
71,24/04/2023,25,52,408,335,1010,85,1010,27.8,8.8,2,3
84,25/04/2023,20.2,52,408,336,1013,89,1013,22,8.1,2,0
76,26/04/2023,17.9,52,409,336,1014,75,1014,22.8,6.5,1.5,0
70,27/04/2023,20.5,52,409,337,1011,76,1011,25.3,11.4,1.8,0
78,28/04/2023,24.3,52,410,337,1010,91,1010,26,9.9,2,1
65,29/04/2023,23,52,410,338,1011,91,1011,24.6,7.8,1.8,6.5
78,30/04/2023,18.8,52,410,338,1013,77,1013,23.3,6.4,1.3,0.5
45,01/05/2023,19.1,52,411,338,1012,72,1012,25,7.8,1.3,0
50,02/05/2023,22.8,52,411,339,1011,82,1011,26.3,8.2,2,0
42,03/05/2023,24.5,52,412,339,1009,83,1010,27.7,10.8,2.4,0.5
67,04/05/2023,25.6,52,412,340,1004,86,1005,28.2,12.2,2,0
43,05/05/2023,26.1,52,412,340,999,82,1000,29.7,13.3,2,0
1,06/05/2023,26.3,52,413,340,998,76,999,31.4,11.6,2,0
69,07/05/2023,26.3,52,413,341,1001,83,1002,29.7,12.2,2.2,1.5
81,08/05/2023,23.9,53,413,341,1008,91,1008,25.5,9.8,1.9,21
97,09/05/2023,23,53,413,341,1010,87,1010,25.2,9.8,2.2,2
88,10/05/2023,25,53,414,341,1009,85,1009,27.8,7.5,1.6,3
73,11/05/2023,24.8,53,414,342,1011,87,1011,27.3,10.5,1.7,10.5
88,12/05/2023,20.4,53,414,342,1013,85,1014,23.2,6.3,2.3,12
88,13/05/2023,19.7,53,414,342,1013,90,1013,21.4,8.8,2.2,5
76,14/05/2023,20.2,53,415,342,1012,85,1012,23,8.8,1.6,3.5
49,15/05/2023,22.3,53,415,343,1009,81,1009,26,8.7,1.5,0
36,16/05/2023,25.2,53,415,343,1005,80,1005,29.3,12,1.9,0
13,17/05/2023,23.5,53,415,343,1003,63,1003,32.1,10.4,1.8,0
3,18/05/2023,23.7,53,415,343,1003,61,1003,32.7,7.6,1.9,0
23,19/05/2023,27,53,416,343,1003,81,1003,30.8,9.1,2.2,0
49,20/05/2023,26.9,53,416,344,1004,80,1004,30.8,12.1,1.8,0
60,21/05/2023,27.2,53,416,344,1004,81,1005,31,13,2.5,0
33,22/05/2023,27.3,53,416,344,1004,77,1004,32,14.6,2.1,0
49,23/05/2023,26.8,53,416,344,1004,81,1005,30.4,11,2.2,12
59,24/05/2023,26,53,416,344,1006,84,1006,29.1,10,2.1,11
80,25/05/2023,25.5,53,417,344,1007,88,1007,27.9,6.9,1.4,4
61,26/05/2023,25.8,53,417,344,1008,82,1008,29.3,9,2.4,0
39,27/05/2023,25.5,53,417,344,1006,80,1007,29.6,8,2,1.5
40,28/05/2023,25.7,53,417,344,1007,80,1007,29.8,6.7,1.8,0
38,29/05/2023,25.8,53,417,344,1007,79,1008,30.2,6.3,1.3,0.5
19,30/05/2023,25.7,53,417,345,1006,75,1006,30.8,7.7,1.6,0
28,31/05/2023,25.7,53,417,345,1003,75,1003,30.9,8.1,1.3,0
21,01/06/2023,27.8,53,417,345,1001,80,1001,31.9,8,1.9,0
36,02/06/2023,27.2,53,417,345,1001,74,1002,32.9,9.7,1.4,0
54,03/06/2023,25,53,417,345,1005,73,1005,30.5,9.1,2.2,0
26,04/06/2023,25.3,53,417,345,1005,73,1005,30.8,9.2,1.7,3.5
36,05/06/2023,25.4,53,418,345,1004,78,1005,29.8,6.9,1.8,6
78,06/06/2023,26.3,53,418,345,1005,85,1005,29.1,5.3,1.8,9
46,07/06/2023,25.4,53,418,345,1005,77,1005,30.2,7,2.1,0.5
48,08/06/2023,26.7,53,418,345,1003,80,1004,30.7,7.6,1,13.5
92,09/06/2023,25.6,53,418,345,1003,84,1003,28.7,8.4,1.7,24
51,10/06/2023,26,53,418,345,1001,75,1001,31.2,5.4,1.7,0
26,11/06/2023,27,53,418,345,1001,77,1001,31.6,7.9,1.5,4
37,12/06/2023,27.1,53,418,345,1001,81,1001,30.8,8,2.1,8.5
68,13/06/2023,25.5,53,418,345,1001,79,1002,29.8,5.4,1.6,18
88,14/06/2023,25.8,53,418,345,1004,86,1004,28.5,7.3,1.1,23
71,15/06/2023,26.1,53,418,345,1003,85,1004,29.1,8,2,18
40,16/06/2023,26.3,53,418,345,1002,78,1002,30.8,14,1.7,0
38,17/06/2023,26.7,53,418,345,1003,75,1003,31.9,12.9,1.7,0
80,18/06/2023,26.3,53,418,345,1004,83,1004,29.7,12.7,1.5,2.5
49,19/06/2023,26.9,53,418,345,1003,79,1003,31.2,10.8,2,2
42,20/06/2023,26.6,53,418,345,1003,74,1003,32,10.5,2,0
46,21/06/2023,27.2,53,418,345,1004,76,1004,32.2,9.1,1.8,0.5
35,22/06/2023,25.9,53,418,345,1003,72,1003,31.9,7.2,2.3,0
70,23/06/2023,25.1,53,417,345,1004,82,1004,28.5,8,2.3,0.5
83,24/06/2023,25.4,53,417,344,1004,94,1004,26.6,7.9,1.8,38
78,25/06/2023,25.5,53,417,344,1005,93,1005,26.8,4.9,1.1,24.5
79,26/06/2023,25.5,53,417,344,1006,95,1006,26.3,4.5,1.3,49
69,27/06/2023,26.2,53,417,344,1007,91,1007,27.9,7.9,1.4,24.5
49,28/06/2023,26.7,53,417,344,1007,83,1008,29.9,8.8,2.1,2.5
37,29/06/2023,27,53,417,344,1004,81,1004,30.8,10.9,1.7,0
23,30/06/2023,27.5,53,417,344,1002,76,1002,32.5,12.3,1.9,0
27,01/07/2023,26.9,53,417,344,1002,71,1002,33,12.1,2.3,0
44,02/07/2023,26.7,53,417,344,1003,72,1003,32.6,12.3,2.1,0
41,03/07/2023,26.4,53,417,344,1003,71,1004,32.5,13.5,2,0
36,04/07/2023,25.9,53,417,344,1004,72,1004,31.8,11,2,1
35,05/07/2023,26.1,53,416,344,1004,74,1004,31.5,12.5,1.8,1.5
23,06/07/2023,26.5,53,416,344,1005,74,1005,31.9,12.2,2,0
21,07/07/2023,26.9,53,416,343,1005,76,1005,31.8,12.1,1.9,0
41,08/07/2023,26.8,53,416,343,1006,78,1007,31.2,12,2,0
44,09/07/2023,25.2,53,416,343,1007,76,1007,30.1,10.9,2.5,0
15,10/07/2023,25.5,53,416,343,1006,76,1006,30.5,10.9,2.2,0
19,11/07/2023,26.3,53,416,343,1005,74,1005,31.8,10.1,1.6,0.5
18,12/07/2023,26,53,415,343,1005,71,1005,32.3,11.6,2.7,0
17,13/07/2023,24.9,53,415,343,1003,67,1003,32.3,9.2,1.8,0
47,14/07/2023,26.4,53,415,343,1003,77,1003,31,6.2,2.4,5
34,15/07/2023,25.5,53,415,342,1002,75,1002,30.6,4.3,1.3,1.5
83,16/07/2023,25.2,53,415,342,999,69,1000,31.9,8.7,1.6,3
66,17/07/2023,24.1,53,415,342,997,62,997,32.9,10.1,2.3,0
70,18/07/2023,22.3,53,414,342,998,64,998,30,16.7,2.3,4
72,19/07/2023,25.3,53,414,342,1003,89,1003,27.2,5.6,2.2,15
71,20/07/2023,25.8,53,414,342,1006,90,1006,27.7,6,1.3,7.5
73,21/07/2023,26.4,53,414,341,1008,85,1008,29.3,6.4,1.7,8
34,22/07/2023,26,52,414,341,1009,78,1009,30.5,6.3,1.4,0.5
26,23/07/2023,26.1,52,413,341,1008,76,1008,31,7.4,1.6,0
30,24/07/2023,25.8,52,413,341,1006,75,1006,31.1,7.2,1.2,0
14,25/07/2023,25.6,52,413,340,1005,73,1006,31.3,8.2,1.8,0
14,26/07/2023,25.2,52,413,340,1003,70,1004,31.6,7.5,1.9,0
60,27/07/2023,26.9,52,412,340,1000,76,1000,31.8,6.1,1.5,4.5
62,28/07/2023,25.9,52,412,340,998,76,998,30.7,5.8,1.7,3
24,29/07/2023,26.4,52,412,339,1000,76,1000,31.2,6.1,1.1,8.5
50,30/07/2023,27.2,52,411,339,1001,81,1001,30.9,7.2,1.4,13.5
79,31/07/2023,25.7,52,411,339,1003,86,1003,28.5,6.4,1.7,10
87,01/08/2023,25.9,52,411,339,1003,90,1003,27.7,5.8,1.4,35
80,02/08/2023,26.3,52,410,338,1001,90,1002,28.1,4.8,1.5,12
68,03/08/2023,26.5,52,410,338,1001,92,1001,27.9,5.2,1,31.5
78,04/08/2023,26,52,410,338,1002,92,1002,27.5,11.2,1.5,45
81,05/08/2023,24.5,52,409,337,1001,83,1001,27.7,10,1.6,11.5
79,06/08/2023,23.9,52,409,337,998,74,999,29,10.9,2.1,2.5
87,07/08/2023,23.8,52,409,336,998,76,998,28.5,11.4,2.4,1
76,08/08/2023,24.1,52,408,336,1000,77,1000,28.6,10.4,2.3,3.5
58,09/08/2023,25,52,408,336,1002,73,1002,30.6,8.9,1.4,4
68,10/08/2023,26.2,52,407,335,1003,79,1003,30.5,7.2,1.3,5
87,11/08/2023,26.5,52,407,335,1002,91,1002,28.2,6.3,1.8,25.5
73,12/08/2023,25.7,52,407,334,1001,85,1002,28.7,5,1.7,49
68,13/08/2023,25.2,52,406,334,1002,79,1002,29.5,4.2,1.4,9
45,14/08/2023,25.6,52,406,333,1002,86,1002,28.2,4.4,2.4,7.5
49,15/08/2023,25.6,51,405,333,1004,84,1004,28.7,3.8,0.7,21
43,16/08/2023,26.8,51,405,332,1005,83,1005,30.2,6,1.6,3.5
37,17/08/2023,26.9,51,404,332,1004,76,1004,32,6.9,1.3,0
32,18/08/2023,27.3,51,404,331,1003,76,1003,32.2,6.7,1.1,8
54,19/08/2023,27.4,51,403,331,1004,88,1004,29.6,6,0.8,7.5
76,20/08/2023,25.4,51,402,330,1005,92,1005,26.8,4.9,1.5,25.5
78,21/08/2023,25.8,51,402,329,1006,83,1006,29.3,6.7,1.2,5
57,22/08/2023,26.5,51,401,329,1004,78,1004,31,7.4,1.7,5
33,23/08/2023,26.2,51,401,328,1002,77,1003,30.9,8.1,1.6,2.5
63,24/08/2023,25.7,51,400,327,1004,84,1004,28.9,4.1,1.4,16
73,25/08/2023,26.5,51,399,327,1004,88,1005,28.8,6.2,0.9,9
54,26/08/2023,26.6,51,398,326,1002,85,1003,29.4,6.9,1.1,0
70,27/08/2023,25.8,51,398,325,1000,74,1000,31.2,6.1,1.3,1.5
78,28/08/2023,25.5,51,397,325,1002,84,1002,28.6,9.2,1.7,13.5
84,29/08/2023,23.5,50,396,324,1004,74,1004,28.6,9,1.3,0
46,30/08/2023,22.5,50,395,323,1006,69,1006,29,9.2,2.3,0
22,31/08/2023,22.2,50,395,322,1006,65,1006,29.9,9.5,1.7,0
40,01/09/2023,22.9,50,394,321,1004,65,1005,30.6,8.8,1.4,0
63,02/09/2023,23.5,50,393,321,1002,63,1003,31.6,11.2,1,0
86,03/09/2023,22.4,50,392,320,1002,70,1003,28.6,13.7,1.7,0
78,04/09/2023,23.5,50,391,319,1004,88,1005,25.6,11.5,2.1,6
77,05/09/2023,24.3,50,390,318,1005,78,1006,28.7,9.2,1.5,1.5
82,06/09/2023,25.6,50,389,317,1006,76,1006,30.4,5.6,1.4,1
58,07/09/2023,25.5,49,389,316,1006,78,1006,30,5.9,1.6,0
55,08/09/2023,25.9,49,388,315,1006,80,1006,29.9,6.3,1.5,7
76,09/09/2023,25.7,49,387,314,1005,89,1005,27.7,5,1.2,6
60,10/09/2023,26.3,49,386,314,1004,85,1004,29.2,4.2,1.3,7.5
73,11/09/2023,26.4,49,386,313,1003,85,1003,29.3,3.9,1.5,10.5
85,12/09/2023,26.3,49,386,312,1003,88,1003,28.5,5.1,0.9,17.5
92,13/09/2023,24.5,49,385,311,1005,89,1005,26.5,12.8,1.9,4
86,14/09/2023,23.3,49,385,310,1006,94,1006,24.3,11.6,1.8,18.5
84,15/09/2023,23.7,49,384,309,1008,92,1008,25.2,9.2,1.8,11
78,16/09/2023,24.8,49,384,308,1009,94,1009,25.8,7.7,1,16.5
80,17/09/2023,25.2,48,383,307,1008,93,1009,26.5,5.3,1,5
81,18/09/2023,25.6,48,383,306,1009,88,1009,27.8,5.4,1.4,5
39,19/09/2023,25.7,48,382,305,1009,85,1009,28.6,7.1,2,4
31,20/09/2023,26.2,48,382,303,1009,83,1009,29.5,5.8,1.5,0.5
39,21/09/2023,25.8,48,381,302,1009,80,1010,29.9,5.8,1.5,0.5
36,22/09/2023,25.7,48,381,301,1009,78,1009,30.3,6.4,1.4,1
48,23/09/2023,25.6,48,380,300,1009,78,1009,29.9,6.1,1.6,0
49,24/09/2023,25.8,48,380,299,1008,84,1009,28.8,5.8,1.5,4.5
44,25/09/2023,25,48,379,298,1007,79,1008,29.2,13.5,1.5,10.5
86,26/09/2023,24.8,48,378,297,1007,95,1007,25.7,11.3,2.5,72
78,27/09/2023,25.1,48,378,295,1008,96,1008,25.8,10.4,2.2,40
74,28/09/2023,24.5,48,377,294,1010,97,1010,24.9,6.2,1.5,22
72,29/09/2023,25.3,47,377,293,1011,91,1012,27,5.1,1.2,22
76,30/09/2023,26,47,376,292,1010,89,1010,28,5.1,1.5,5.5
36,01/10/2023,25.5,47,375,290,1009,85,1009,28.6,5.2,1.5,0
26,02/10/2023,25.2,47,375,289,1010,81,1010,29.1,5.8,1.2,0
24,03/10/2023,24.5,47,374,288,1010,75,1010,29.7,6,1.2,0
37,04/10/2023,25.3,47,373,287,1009,77,1010,29.9,6.1,1.3,0
20,05/10/2023,25.5,47,372,285,1008,77,1008,30.2,6.1,1.2,0.5
26,06/10/2023,26.1,47,372,284,1008,78,1008,30.6,7.3,1.8,3.5
67,07/10/2023,23.5,47,371,283,1010,79,1010,27.5,8,1.4,22.5
61,08/10/2023,20.1,46,370,281,1013,65,1013,27.4,9.2,2.2,0
38,09/10/2023,19.3,46,369,280,1014,63,1014,27.2,8.4,1.7,0
74,10/10/2023,19.3,46,368,278,1015,66,1016,26.4,9.9,1.9,0
94,11/10/2023,19.6,46,368,277,1016,70,1016,25.5,8.1,1.7,0
93,12/10/2023,21.1,46,367,276,1017,87,1017,23.4,6,1.3,2
69,13/10/2023,21.9,46,366,274,1015,81,1015,25.5,6.9,1.6,0
55,14/10/2023,21.7,46,365,273,1013,78,1013,26.1,6.3,1.4,0
63,15/10/2023,19.5,46,364,271,1013,69,1013,25.8,7.8,1.5,0
90,16/10/2023,20.6,46,363,270,1013,70,1014,26.7,7.4,1.3,0
79,17/10/2023,21.3,45,362,269,1013,70,1013,27.6,7.4,1.5,0
74,18/10/2023,22.4,45,361,267,1012,73,1012,27.9,9.4,1.4,0
71,19/10/2023,23.4,45,360,266,1010,75,1011,28.4,9.4,1.7,0
75,20/10/2023,20.1,45,359,264,1014,65,1014,27.7,14.5,2.2,0
97,21/10/2023,16.1,45,358,263,1017,57,1018,25.2,14,2.2,0
94,22/10/2023,18.8,45,357,262,1018,72,1018,24.3,5.5,1.7,0
88,23/10/2023,21.3,45,356,260,1016,81,1017,24.8,6.2,1.4,0
54,24/10/2023,21.8,44,356,259,1015,75,1015,27,6.2,1.6,0
57,25/10/2023,23.3,44,355,257,1014,78,1014,27.5,6.9,1.7,0
62,26/10/2023,22.8,44,354,256,1014,78,1014,27.2,5.3,1.3,2.5
57,27/10/2023,23,44,353,255,1012,79,1013,27.2,6,1.3,0
69,28/10/2023,24.2,44,352,253,1013,88,1013,26.4,7.4,1.3,1.5
93,29/10/2023,23,44,351,252,1014,91,1015,24.7,6.6,1.8,42.5
87,30/10/2023,21.1,44,350,250,1017,81,1017,24.7,6.8,1.9,3
61,31/10/2023,20.5,43,349,249,1017,74,1018,25.9,6.6,1.4,0.5
75,01/11/2023,20.8,43,348,248,1017,74,1017,26.1,6.7,1.5,0
43,02/11/2023,21.9,43,347,246,1014,80,1014,25.7,5.6,1.1,0
31,03/11/2023,23.6,43,347,245,1011,82,1011,27.1,6.8,1.8,0
43,04/11/2023,24.3,43,346,244,1011,83,1012,27.7,7,1.5,1
37,05/11/2023,24.1,43,345,242,1012,80,1012,28.1,6.1,1.2,0
47,06/11/2023,23.9,43,344,241,1014,80,1015,27.8,9.1,1.7,3
69,07/11/2023,21.2,42,344,240,1015,85,1015,24,6.3,1.5,1
53,08/11/2023,22.7,42,343,238,1012,81,1013,26.4,5.8,1.1,0.5
64,09/11/2023,24.2,42,342,237,1012,82,1013,27.8,7.2,1.4,0
39,10/11/2023,24.6,42,342,236,1014,83,1014,28,6,1.4,0
47,11/11/2023,24.5,42,341,235,1015,82,1015,28,5.6,1,0
48,12/11/2023,24.4,42,340,234,1017,85,1017,27.1,10.7,2.2,9
80,13/11/2023,16.6,42,339,232,1022,85,1022,19.1,9.9,1.9,4
83,14/11/2023,13.4,42,339,231,1022,75,1022,18,7.3,1.6,0
98,15/11/2023,16.8,42,338,230,1020,78,1021,20.8,7.5,1.6,0
88,16/11/2023,13.4,42,338,229,1025,68,1026,19.9,16.7,3,0.5
42,17/11/2023,10,41,337,228,1025,55,1025,19.8,13.2,1.7,0
5,18/11/2023,9.7,41,336,227,1022,55,1022,20.4,5.9,1.3,0
10,19/11/2023,12.7,41,336,226,1020,65,1020,20.2,5.6,1.1,0
4,20/11/2023,14.6,41,335,225,1018,71,1018,20.7,6.6,1.7,0
52,21/11/2023,16.5,41,335,224,1016,76,1016,21.1,5.4,1.4,0
65,22/11/2023,18.8,41,334,223,1014,83,1015,22,4.4,1.3,0.5
48,23/11/2023,19.8,41,334,222,1016,83,1016,23.1,5.8,1.2,0.5
80,24/11/2023,20.1,41,333,221,1017,80,1018,23.8,8.9,1.9,0
69,25/11/2023,19.6,41,333,220,1018,79,1018,23.7,7.6,1.6,0
61,26/11/2023,19.6,41,332,219,1019,79,1019,23.7,6.5,1.5,0
45,27/11/2023,19.3,41,332,218,1018,77,1018,24,5.4,1.1,0
22,28/11/2023,18.6,41,331,217,1017,78,1018,22.9,6.5,1.5,0
44,29/11/2023,20,41,331,217,1016,82,1017,23.4,5.6,1.4,0
87,30/11/2023,21.1,41,331,216,1018,87,1018,23.5,6.5,1.7,2.5
80,01/12/2023,18.2,40,330,215,1020,92,1020,19.5,5.9,1.8,0.5
83,02/12/2023,14.8,40,330,214,1020,80,1020,18.4,4.9,1.9,0
100,03/12/2023,16.4,40,330,214,1019,85,1019,19.1,4.3,1.6,0
89,04/12/2023,16.6,40,330,213,1017,81,1018,19.9,3.8,1.5,0
96,05/12/2023,17.1,40,329,213,1015,83,1015,20.2,4.8,1.2,0
87,06/12/2023,17.1,40,329,212,1018,80,1018,20.9,11,2,3.5
32,07/12/2023,14.6,40,329,211,1018,68,1018,21.1,7.9,1.1,0
11,08/12/2023,16.2,40,329,211,1014,73,1014,21.8,7.2,0.9,0
39,09/12/2023,20.1,40,329,211,1012,83,1012,23.3,7.5,1.6,0
87,10/12/2023,22.8,40,328,210,1010,89,1011,24.9,7.8,1.4,0
76,11/12/2023,23.1,40,328,210,1013,91,1013,24.8,7.6,1.5,0
76,12/12/2023,23,40,328,209,1015,89,1015,25,6.6,1.2,0
53,13/12/2023,21.9,40,328,209,1016,84,1016,24.9,8,2,0
39,14/12/2023,22,40,328,209,1015,84,1016,25,6.7,0.7,0
68,15/12/2023,22.4,40,328,209,1014,84,1014,25.5,7.2,1.4,0
83,16/12/2023,18.1,40,328,208,1018,89,1018,20,8.7,1.7,4.5
80,17/12/2023,9.7,40,328,208,1023,80,1024,13.2,7.1,2.3,0
100,18/12/2023,11.8,40,328,208,1021,78,1021,15.6,5.6,1.9,0
92,19/12/2023,10.2,40,328,208,1022,79,1022,14.1,6.6,2.1,0
81,20/12/2023,7.5,40,328,208,1024,62,1024,15,10.5,2.7,0
84,21/12/2023,4.4,40,328,208,1026,50,1026,15.1,8.5,2.4,0
45,22/12/2023,1.5,40,329,208,1030,47,1030,12.9,10.2,2.1,0
66,23/12/2023,2.6,40,329,208,1029,48,1030,13.7,9.2,2,0
95,24/12/2023,4.1,40,329,208,1029,47,1029,16.1,7,1.9,0
71,25/12/2023,4.7,40,329,208,1026,47,1026,17,6.3,1.2,0
47,26/12/2023,10.2,40,329,209,1024,66,1024,16.9,4.5,1.2,0
28,27/12/2023,13.7,40,330,209,1023,75,1023,18.5,6.3,1.5,0
66,28/12/2023,15.4,40,330,209,1021,78,1021,19.5,5.9,1.2,0
88,29/12/2023,17.6,40,330,209,1019,81,1019,21.1,6.8,1.5,0
86,30/12/2023,18.7,40,330,210,1018,92,1018,20,7.2,1.3,0
74,31/12/2023,18.7,40,331,210,1017,81,1017,22.2,6.5,1.5,0
64,01/01/2024,18.9,40,331,210,1017,81,1017,22.4,7.1,1.3,0
44,02/01/2024,20.2,40,331,211,1016,86,1016,22.8,8.9,1.4,1
91,03/01/2024,16.2,40,332,211,1019,81,1019,19.5,8.1,2,2.5
100,04/01/2024,15.1,41,332,212,1019,75,1019,19.7,6.4,1.3,0
49,05/01/2024,18.2,41,332,212,1017,81,1017,21.7,7.5,1.7,0
68,06/01/2024,19.2,41,333,213,1018,85,1018,22,7.4,1.3,0
78,07/01/2024,18.9,41,333,213,1018,84,1018,21.8,6.9,1.3,1
75,08/01/2024,19.6,41,334,214,1016,85,1016,22.4,8.6,1.5,2.5
38,09/01/2024,20.2,41,334,215,1015,86,1015,22.7,6.8,1.7,1
83,10/01/2024,19.4,41,335,216,1016,91,1016,20.9,9.8,1.7,5
82,11/01/2024,18.5,41,335,216,1017,97,1017,19.1,10.7,1,18
84,12/01/2024,17.9,41,336,217,1016,96,1017,18.6,9.5,1.2,8.5
79,13/01/2024,18.7,41,336,218,1018,97,1018,19.2,8.2,1.5,8
80,14/01/2024,18.8,41,337,219,1019,96,1019,19.5,6.4,1,4.5
83,15/01/2024,18.8,41,337,220,1019,87,1019,21.3,8.7,1.6,0.5
87,16/01/2024,18.6,41,338,221,1018,90,1019,20.2,8.7,1.7,2.5
75,17/01/2024,19.6,41,338,222,1017,91,1017,21.1,7.7,1.6,1
57,18/01/2024,19.6,42,339,223,1015,85,1015,22.5,8.4,1.5,1.5
58,19/01/2024,20.3,42,340,224,1014,85,1014,23,6.6,1.7,0
76,20/01/2024,20,42,340,225,1015,84,1015,23,9.1,1.4,4.5
98,21/01/2024,16.5,42,341,226,1018,86,1018,18.9,9.9,2.5,5.5
78,22/01/2024,10.8,42,342,227,1022,86,1022,13.2,10.9,3.4,3
94,23/01/2024,4.6,42,342,228,1028,68,1028,10.2,9,3,0
100,24/01/2024,4.1,42,343,229,1028,65,1029,10.4,4.4,2.1,0
97,25/01/2024,4.3,42,344,230,1028,63,1028,11.2,3.6,1.4,0
97,26/01/2024,6.1,42,344,231,1027,67,1027,12.1,3.1,1.5,0
98,27/01/2024,7.2,42,345,232,1026,77,1026,11.1,3.4,1.8,0
97,28/01/2024,7.8,42,346,234,1026,74,1026,12.2,5.1,2,1.5
95,29/01/2024,10.4,43,347,235,1022,80,1022,13.8,3.9,1.8,2
86,30/01/2024,14.3,43,347,236,1019,88,1019,16.3,4.3,0.5,0
92,31/01/2024,16.6,43,348,237,1017,94,1017,17.6,6.2,1,2
95,01/02/2024,18.9,43,349,239,1015,92,1016,20.3,8.2,1.3,0
75,02/02/2024,20.4,43,350,240,1014,87,1014,22.8,8.7,2.1,0
86,03/02/2024,20.7,43,350,241,1015,91,1015,22.3,10.6,1.9,0
85,04/02/2024,21.5,43,351,243,1014,89,1014,23.5,9.2,1.5,0
94,05/02/2024,20.5,43,352,244,1014,90,1015,22.2,9.8,1.3,0
97,06/02/2024,19,43,353,246,1015,93,1016,20.2,8.8,1.2,0
83,07/02/2024,16.6,44,353,247,1015,92,1015,17.9,8.8,2.1,1
88,08/02/2024,11.2,44,354,248,1018,90,1018,12.7,6.3,2.3,0
97,09/02/2024,8.8,44,355,250,1024,73,1024,13.6,5.5,2.6,0
81,10/02/2024,10.2,44,356,251,1027,68,1027,16.6,5.4,1.6,0
63,11/02/2024,11.7,44,356,253,1026,66,1027,18.5,6.4,1,0
76,12/02/2024,13.9,44,357,254,1023,78,1023,18.1,6.3,1.9,0
58,13/02/2024,16.6,44,358,255,1020,80,1020,20.4,5.8,1.9,0
63,14/02/2024,18.8,44,359,257,1017,85,1018,21.6,8,1.9,0.5
90,15/02/2024,19.4,45,359,258,1018,86,1018,22,5.4,1.1,0
78,16/02/2024,17.6,45,360,260,1018,79,1019,21.5,6,1.6,0
97,17/02/2024,18.5,45,361,261,1013,82,1014,21.8,9.5,1.4,0
87,18/02/2024,21,45,362,263,1011,87,1011,23.4,10.5,2.3,0
87,19/02/2024,22.3,45,362,264,1011,89,1011,24.2,10.7,1.9,0
95,20/02/2024,22.4,45,363,266,1009,90,1009,24.1,13,3,0
87,21/02/2024,22.7,45,364,267,1009,89,1010,24.6,13.3,2.2,0
81,22/02/2024,22.7,45,365,269,1012,93,1013,23.8,10,1.2,0
84,23/02/2024,18.7,45,365,270,1016,94,1016,19.7,10,1.9,1
81,24/02/2024,13.3,46,366,271,1019,96,1020,13.9,9.2,2,0
91,25/02/2024,11.7,46,367,273,1020,92,1021,13,5.6,1.5,0
84,26/02/2024,13.2,46,367,274,1020,94,1020,14.3,7.2,1.2,0
81,27/02/2024,11,46,368,276,1020,89,1020,12.9,7.3,1.8,0
91,28/02/2024,13.4,46,369,277,1016,93,1017,14.5,4.2,0.9,0
81,29/02/2024,13.1,46,369,279,1017,90,1018,14.7,4.3,1.8,0
92,01/03/2024,10.3,46,370,280,1021,82,1022,13.5,4.2,2.3,0
93,02/03/2024,10.2,46,370,282,1022,78,1022,14,4.3,1.3,0
89,03/03/2024,13.5,46,371,283,1014,82,1015,16.7,7.7,1.3,0
81,04/03/2024,18.6,46,372,284,1007,91,1007,20.1,16.8,1.2,0
48,05/03/2024,20.9,47,372,286,1004,84,1004,24.1,15.8,1.2,0
74,06/03/2024,20.2,47,373,287,1008,85,1008,23,13.2,1.7,0
96,07/03/2024,16.7,47,373,288,1014,79,1014,20.6,9.4,1.3,0
100,08/03/2024,15.5,47,374,290,1017,79,1017,19.2,7.6,1,0
92,09/03/2024,15.9,47,375,291,1016,91,1016,17.5,7.3,1,0
83,10/03/2024,15.9,47,375,292,1018,94,1018,16.9,5.9,1.3,0
75,11/03/2024,15.9,47,376,294,1019,83,1020,19.1,9.5,1.7,0
76,12/03/2024,16.1,47,376,295,1017,78,1017,20.3,8,1,0
95,13/03/2024,18.6,48,377,296,1014,87,1014,20.9,9.9,0.9,0
77,14/03/2024,20,48,378,298,1013,96,1013,20.7,10,1,5
83,15/03/2024,20.4,48,378,299,1013,96,1013,21.2,9.8,1.1,0
89,16/03/2024,21.2,48,379,300,1014,94,1014,22.1,7.9,1.2,0
97,17/03/2024,21.7,48,379,301,1013,96,1014,22.4,7.6,1.4,0.5
86,18/03/2024,22.3,48,380,302,1013,96,1013,22.9,7.2,1.1,0
87,19/03/2024,18.6,48,381,304,1019,95,1019,19.4,10.2,2.1,24.5
92,20/03/2024,17.4,48,381,305,1022,88,1022,19.5,2.5,1.5,3.5
52,21/03/2024,16.7,48,382,306,1015,79,1016,20.7,9.2,1.3,0
92,22/03/2024,20.2,49,382,307,1009,90,1009,22,10.5,1.3,0
86,23/03/2024,22.5,49,383,308,1008,89,1008,24.6,14.3,2.3,0
87,24/03/2024,23.3,49,384,309,1010,88,1010,25.5,12.5,1.1,0
77,25/03/2024,23.7,49,385,310,1012,91,1012,25.2,9.9,1.6,0
63,26/03/2024,22.4,49,386,312,1015,83,1015,25.5,6.8,1.9,0
87,27/03/2024,22.9,49,386,313,1015,87,1015,25.4,8.6,2.5,0.5
78,28/03/2024,22,49,388,314,1013,86,1013,24.6,8.5,3,9
44,29/03/2024,21.7,50,389,315,1010,83,1011,24.9,10.8,2.9,0.5
50,30/03/2024,22.1,50,390,316,1009,84,1009,25.2,12.9,3.6,0
11,31/03/2024,22.1,50,391,317,1006,78,1006,26.7,14.8,3.6,0
2,01/04/2024,21.7,50,392,318,1004,73,1004,27.5,17.5,5,0
50,02/04/2024,22.9,50,393,319,1004,79,1004,27.1,17.7,4.3,0
18,03/04/2024,24.6,50,393,320,1004,83,1004,27.9,14,2.2,0
54,04/04/2024,24.8,50,394,321,1005,86,1005,27.5,13.8,2,0
95,05/04/2024,24.4,50,395,322,1007,89,1007,26.3,10.8,2,0
88,06/04/2024,23.3,50,396,322,1008,88,1009,25.3,10.8,1.2,0
80,07/04/2024,23.5,51,397,323,1007,94,1008,24.5,10.7,1.1,0
86,08/04/2024,21.3,51,398,324,1011,94,1012,22.2,8.2,1.1,1
82,09/04/2024,21.3,51,399,325,1014,94,1014,22.2,4.9,1.4,5
90,10/04/2024,22,51,399,326,1014,93,1015,23.2,6,0.8,1
72,11/04/2024,23.6,51,400,327,1013,90,1013,25.3,10.1,1.2,0.5
62,12/04/2024,24.1,51,401,327,1011,86,1011,26.8,9.2,2.2,0
82,13/04/2024,24.5,51,402,328,1008,85,1009,27.3,11.6,1.6,3.5
93,14/04/2024,24.9,51,402,329,1008,89,1009,26.9,11.5,2,0.5
89,15/04/2024,24.8,51,403,330,1009,88,1010,27,10.9,2.3,10
54,16/04/2024,23.7,51,404,330,1008,82,1009,27.2,12.3,2.7,0.5
95,17/04/2024,24.8,51,404,331,1006,87,1007,27.2,12.9,1.7,3
68,18/04/2024,24.4,52,405,332,1005,84,1005,27.3,14,2,15
77,19/04/2024,25.2,52,405,332,1002,83,1003,28.4,14.9,2.2,0
60,20/04/2024,25.4,52,406,333,1002,82,1002,28.8,13.2,2,0
46,21/04/2024,25.4,52,406,334,1004,83,1004,28.7,9.1,1.9,0
65,22/04/2024,24,52,407,334,1006,83,1006,27.2,10,2.1,0
71,23/04/2024,25.4,52,407,335,1005,84,1006,28.4,9.4,1.3,12
80,24/04/2024,24.6,52,408,335,1006,84,1006,27.7,8.6,1.2,10
56,25/04/2024,24.9,52,408,336,1003,86,1004,27.7,11.4,3.6,9.5
4,26/04/2024,24.3,52,409,336,1000,77,1000,29.3,10.6,3.1,6
18,27/04/2024,22.7,52,409,337,1000,66,1000,31,13.1,3.5,9.3
29,28/04/2024,26.6,52,410,337,1002,78,1002,30.8,11.3,2.4,0
66,29/04/2024,24.8,52,410,338,1004,76,1004,29.8,19.2,3.6,0
65,30/04/2024,26,52,410,338,999,72,1000,31.9,17.6,2.9,8.5
83,01/05/2024,23,52,411,338,1003,78,1003,27.2,12,3.9,1
93,02/05/2024,23.5,52,411,339,1007,92,1008,25,10.8,1.6,7
79,03/05/2024,24.3,52,412,339,1007,86,1007,26.9,11.9,5.1,71.7
22,04/05/2024,24.4,52,412,340,1004,83,1005,27.8,8.6,4.3,22.3
68,05/05/2024,23.9,52,412,340,1007,83,1007,27,9.6,4.2,8
49,06/05/2024,23.8,52,413,340,1009,82,1010,27.2,7.9,3.6,18.4
18,07/05/2024,23.8,52,413,341,1011,94,1012,24.9,6,2.6,2
56,08/05/2024,25.3,53,413,341,1011,86,1012,27.9,6.3,2.1,7
62,09/05/2024,24.5,53,413,341,1012,88,1012,26.7,8.2,1.5,20.5
55,10/05/2024,24.9,53,414,341,1011,83,1012,28.2,8.5,1.5,2
70,11/05/2024,25.8,53,414,342,1011,83,1011,29.1,7.4,1.5,0
63,12/05/2024,25.8,53,414,342,1010,84,1010,29,5.4,1.3,1
61,13/05/2024,24.3,53,414,342,1011,88,1011,26.5,5.2,1.1,5
31,14/05/2024,23.2,53,415,342,1010,78,1011,27.6,7.2,2.1,3.3
28,15/05/2024,23.5,53,415,343,1011,79,1012,27.7,10,3.9,62.6
44,16/05/2024,20.9,53,415,343,1012,75,1012,26.2,9.6,3.7,15.6
26,17/05/2024,22.1,53,415,343,1009,76,1009,26.9,6.7,2.9,1
